player_id,birth_date,espn_id
00-0000003,1974-06-28,
00-0000007,1975-04-27,
00-0000104,1966-11-21,
00-0000145,1971-11-06,
00-0000166,1975-11-07,
00-0000172,1975-06-07,
00-0000210,1975-03-28,
00-0000232,1968-02-21,
00-0000242,1974-09-09,
00-0000279,1966-09-10,
00-0000316,1972-09-30,
00-0000387,1976-10-20,
00-0000422,1973-01-01,
00-0000541,1976-01-11,
00-0000552,1975-03-05,
00-0000627,1976-03-18,
00-0000721,1974-02-17,
00-0000722,1973-04-05,
00-0000745,1975-04-07,
00-0000765,1973-01-22,
00-0000856,1977-09-03,
00-0000865,1974-12-05,1490
00-0000869,1975-12-04,
00-0000871,1973-01-16,
00-0000872,1969-12-19,
00-0000883,1973-01-25,
00-0000911,1971-06-14,
00-0000942,1974-09-18,
00-0000969,1971-08-20,
00-0001103,1969-02-15,
00-0001112,1977-03-17,
00-0001215,1972-02-16,
00-0001218,1965-03-07,
00-0001224,1974-01-24,
00-0001233,1969-08-15,
00-0001281,1971-12-15,
00-0001317,1975-07-06,
00-0001335,1970-12-04,
00-0001361,1972-02-14,
00-0001471,1962-05-11,
00-0001477,1976-07-31,
00-0001525,1972-03-13,
00-0001532,1978-08-19,
00-0001582,1972-02-29,
00-0001627,1975-12-08,
00-0001661,1972-01-14,
00-0001719,1976-05-22,
00-0001766,1975-03-22,
00-0001783,1971-01-25,
00-0001785,1962-08-15,
00-0001842,1975-02-02,
00-0001862,1974-11-30,
00-0001907,1970-02-25,
00-0001919,1970-03-31,
00-0001938,1969-07-01,
00-0002005,1977-02-22,
00-0002058,1966-07-22,
00-0002068,1971-07-02,
00-0002099,1972-11-10,
00-0002102,1972-09-16,
00-0002110,1970-09-17,
00-0002380,1974-07-04,
00-0002459,1974-05-29,
00-0002469,1974-11-16,
00-0002544,1968-03-29,
00-0002565,1976-04-13,
00-0002586,1975-12-06,
00-0002701,1974-01-20,
00-0002713,1972-08-23,
00-0002721,1965-11-25,
00-0002743,1973-09-12,
00-0002787,1972-07-07,
00-0002861,1971-10-17,
00-0002873,1972-09-07,
00-0002876,1965-10-12,
00-0002942,1977-10-12,
00-0002958,1969-02-22,
00-0002962,1973-08-14,
00-0002985,1974-04-27,
00-0003035,1977-04-20,
00-0003039,1972-04-07,
00-0003103,1975-08-15,
00-0003128,1971-11-24,
00-0003136,1975-07-01,
00-0003142,1969-08-16,
00-0003175,1972-08-07,
00-0003266,1976-08-20,
00-0003271,1976-11-19,
00-0003292,1972-12-30,
00-0003310,1975-11-01,
00-0003344,1975-07-29,
00-0003378,1974-05-13,
00-0003396,1971-01-13,
00-0003400,1972-08-17,
00-0003441,1975-06-21,
00-0003535,1977-07-31,
00-0003557,1976-01-17,
00-0003663,1972-12-02,
00-0003681,1967-08-08,
00-0003700,1976-09-13,
00-0003715,1971-09-05,
00-0003739,1977-01-28,
00-0003761,1963-03-27,
00-0003803,1975-07-02,
00-0003944,1972-07-06,
00-0004004,1973-05-14,
00-0004052,1974-03-01,
00-0004054,1972-10-28,
00-0004060,1975-09-14,
00-0004063,1972-06-30,
00-0004071,1975-01-16,
00-0004077,1971-02-03,
00-0004079,1967-11-16,
00-0004161,1975-01-10,
00-0004172,1973-04-03,
00-0004200,1976-12-08,
00-0004229,1973-07-05,
00-0004230,1967-10-30,
00-0004293,1972-03-13,
00-0004294,1971-02-02,
00-0004304,1974-10-24,
00-0004386,1973-05-19,
00-0004463,1976-03-15,
00-0004524,1970-06-29,
00-0004541,1975-02-02,1966
00-0004574,1972-07-15,
00-0004634,1972-06-10,
00-0004640,1975-01-05,
00-0004673,1975-07-13,
00-0004694,1975-06-23,
00-0004705,1965-04-13,
00-0004780,1977-04-07,
00-0004824,1972-02-03,
00-0004871,1971-12-20,
00-0004888,1970-10-26,
00-0004915,1973-01-07,
00-0004916,1976-06-15,
00-0004972,1967-04-16,
00-0005060,1970-06-07,
00-0005091,1976-06-05,
00-0005092,1973-02-26,
00-0005101,1971-09-22,
00-0005106,1969-10-10,
00-0005110,1975-01-14,
00-0005180,1971-12-29,
00-0005231,1976-01-31,
00-0005324,1973-09-14,
00-0005363,1962-10-23,
00-0005379,1970-10-10,
00-0005562,1972-05-27,
00-0005589,1971-07-31,
00-0005600,1967-05-19,
00-0005616,1962-09-28,
00-0005620,1977-03-04,
00-0005668,1971-08-20,
00-0005720,1971-11-20,
00-0005741,1965-12-20,
00-0005755,1970-02-24,
00-0005779,1972-02-13,
00-0005794,1966-03-28,
00-0005816,1975-05-18,
00-0005883,1973-09-24,
00-0005885,1967-12-08,
00-0005902,1975-11-16,
00-0005903,1974-07-04,
00-0006043,1974-07-23,
00-0006047,1967-08-12,
00-0006100,1974-07-04,
00-0006101,1976-02-27,1231
00-0006133,1972-10-10,
00-0006155,1978-09-09,
00-0006210,1969-02-14,
00-0006212,1968-11-01,
00-0006299,1973-12-23,
00-0006300,1970-08-13,
00-0006305,1977-02-16,
00-0006322,1975-06-28,
00-0006324,1967-06-22,
00-0006331,1976-01-15,
00-0006359,1973-11-25,
00-0006380,1972-06-01,
00-0006410,1976-07-02,
00-0006423,1975-03-18,
00-0006431,1976-06-14,
00-0006456,1967-11-17,
00-0006627,1977-06-03,
00-0006666,1974-11-16,
00-0006803,1976-01-23,
00-0006804,1974-06-06,
00-0006808,1963-12-23,
00-0006848,1976-05-31,
00-0006877,1968-07-06,
00-0006949,1968-01-04,
00-0006977,1970-04-28,
00-0006994,1970-06-04,
00-0007024,1972-08-25,
00-0007091,1975-09-25,1575
00-0007093,1971-11-07,
00-0007103,1974-05-01,
00-0007120,1969-12-12,
00-0007144,1975-07-13,
00-0007389,1974-10-13,
00-0007436,1972-02-23,
00-0007468,1976-04-05,
00-0007520,1968-05-15,
00-0007530,1971-01-08,
00-0007546,1977-04-30,
00-0007661,1973-10-07,
00-0007681,1976-06-05,
00-0007744,1972-01-16,
00-0007749,1976-03-21,
00-0007795,1975-05-02,
00-0007798,1970-05-15,
00-0007832,1972-09-20,
00-0007835,1973-07-09,
00-0007924,1971-04-09,
00-0007969,1972-09-18,
00-0008044,1966-03-05,
00-0008046,1978-03-30,
00-0008059,1970-11-08,
00-0008060,1969-11-18,
00-0008156,1977-06-17,
00-0008190,1976-07-24,
00-0008196,1976-01-10,
00-0008210,1971-08-16,
00-0008224,1973-12-08,
00-0008229,1975-09-02,
00-0008241,1978-08-01,
00-0008300,1973-02-02,
00-0008313,1969-02-22,
00-0008329,1972-04-11,
00-0008346,1967-08-17,
00-0008391,1972-05-05,
00-0008400,1970-12-28,
00-0008430,1967-10-25,
00-0008442,1968-09-13,
00-0008454,1972-01-03,
00-0008529,1974-04-20,
00-0008560,1976-07-15,
00-0008561,1972-07-22,
00-0008568,1974-07-13,
00-0008570,1971-01-15,
00-0008572,1971-02-14,
00-0008575,1977-08-27,
00-0008598,1976-08-10,
00-0008612,1973-03-18,
00-0008660,1966-02-10,
00-0008704,1972-12-01,
00-0008723,1974-09-18,
00-0008749,1974-09-16,
00-0008751,1973-12-31,
00-0008763,1975-12-07,
00-0008903,1972-06-21,
00-0008907,1969-10-09,
00-0008921,1970-06-06,
00-0008962,1974-12-23,
00-0008970,1968-05-19,
00-0009007,1973-11-21,
00-0009038,1973-06-07,
00-0009119,1977-02-22,
00-0009163,1973-01-20,
00-0009165,1974-04-23,
00-0009237,1965-08-06,
00-0009266,1977-05-29,
00-0009288,1970-01-20,
00-0009311,1972-09-21,
00-0009323,1977-01-31,
00-0009443,1970-10-04,
00-0009451,1964-11-06,
00-0009550,1974-01-29,
00-0009599,1975-09-06,
00-0009738,1971-10-01,
00-0009819,1968-06-15,
00-0009829,1970-05-21,
00-0009842,1971-10-05,
00-0009868,1973-04-17,
00-0009869,1974-10-16,
00-0010007,1974-09-08,
00-0010092,1976-06-25,
00-0010107,1968-07-04,
00-0010137,1972-08-06,
00-0010146,1975-11-23,
00-0010194,1968-12-21,
00-0010202,1970-05-13,
00-0010240,1975-06-26,
00-0010333,1973-08-15,
00-0010346,1976-03-24,1428
00-0010379,1961-09-15,
00-0010436,1975-07-08,
00-0010442,1973-05-01,
00-0010477,1965-09-05,
00-0010500,1974-01-17,
00-0010539,1967-06-07,
00-0010560,1970-06-01,
00-0010598,1975-06-04,
00-0010599,1974-01-28,
00-0010650,1968-08-17,
00-0010668,1970-01-06,
00-0010747,1972-09-19,
00-0010762,1975-11-11,
00-0010796,1976-05-26,
00-0010824,1969-12-02,
00-0010843,1976-09-30,
00-0010859,1971-04-21,
00-0010892,1976-06-24,
00-0010942,1975-09-20,
00-0010951,1976-11-03,
00-0010994,1974-10-17,
00-0011022,1976-11-25,
00-0011024,1973-02-14,
00-0011044,1977-01-12,
00-0011068,1972-12-14,
00-0011081,1972-04-26,
00-0011151,1968-01-23,
00-0011187,1971-02-21,
00-0011213,1971-02-19,
00-0011224,1973-04-20,
00-0011236,1977-04-24,
00-0011244,1965-08-09,
00-0011276,1971-02-09,
00-0011328,1968-10-28,
00-0011333,1969-10-31,
00-0011341,1973-01-07,
00-0011378,1970-03-19,
00-0011392,1975-09-07,
00-0011399,1968-08-18,
00-0011425,1971-10-09,
00-0011434,1968-01-02,
00-0011488,1976-07-30,
00-0011506,1976-06-08,
00-0011524,1956-11-18,
00-0011551,1969-11-11,
00-0011568,1969-10-20,
00-0011601,1968-09-27,
00-0011640,1975-09-05,
00-0011675,1972-01-13,
00-0011727,1971-10-07,
00-0011754,1977-02-13,1433
00-0011770,1973-07-17,
00-0011795,1973-05-05,
00-0011854,1973-05-11,
00-0011869,1970-10-16,
00-0011932,1976-02-01,
00-0012261,1966-07-03,
00-0012317,1973-10-09,
00-0012321,1975-02-22,
00-0012368,1973-03-03,
00-0012370,1976-06-24,
00-0012478,1973-12-07,
00-0012480,1975-10-04,
00-0012515,1972-11-19,
00-0012556,1976-12-24,
00-0012603,1967-09-16,
00-0012637,1975-12-16,
00-0012642,1974-08-19,
00-0012726,1968-01-31,
00-0012732,1966-03-16,
00-0012764,1971-04-20,
00-0012832,1975-02-24,
00-0012931,1975-05-12,
00-0012946,1970-10-30,
00-0012953,1970-03-23,
00-0012971,1969-09-06,
00-0013013,1975-08-14,
00-0013042,1974-12-19,
00-0013080,1972-02-08,
00-0013097,1974-06-18,
00-0013173,1976-06-06,
00-0013176,1974-11-03,
00-0013232,1976-10-27,
00-0013258,1969-10-25,
00-0013262,1973-12-22,
00-0013268,1968-03-07,
00-0013298,1969-10-17,
00-0013308,1972-04-07,
00-0013422,1972-09-07,
00-0013499,1964-01-29,
00-0013512,1967-09-28,
00-0013523,1975-01-14,
00-0013622,1970-12-11,
00-0013639,1962-10-13,
00-0013712,1974-11-14,
00-0013728,1973-05-17,
00-0013770,1967-03-18,
00-0013785,1971-11-13,
00-0013792,1972-08-29,
00-0013888,1975-02-27,
00-0013958,1976-06-19,
00-0014211,1975-08-12,
00-0014256,1974-10-08,
00-0014319,1972-05-08,
00-0014328,1973-02-17,
00-0014350,1974-03-04,
00-0014450,1972-06-23,
00-0014489,1971-01-09,
00-0014544,1972-07-07,
00-0014655,1975-07-21,
00-0014722,1968-06-26,
00-0014729,1973-04-23,
00-0014742,1973-11-16,
00-0014753,1971-02-14,
00-0014759,1975-06-20,
00-0014790,1969-11-03,
00-0014809,1976-01-31,
00-0014918,1974-12-08,
00-0015048,1972-06-08,
00-0015053,1972-12-20,
00-0015063,1970-09-04,
00-0015082,1975-08-21,
00-0015091,1972-03-14,
00-0015152,1974-02-25,
00-0015161,1969-06-05,
00-0015165,1969-05-15,
00-0015195,1971-10-13,
00-0015218,1969-02-09,
00-0015242,1970-11-29,
00-0015286,1972-03-04,
00-0015290,1970-05-15,
00-0015331,1977-07-30,
00-0015452,1975-06-20,
00-0015507,1970-04-14,
00-0015523,1975-02-27,
00-0015627,1971-12-23,
00-0015655,1976-04-16,
00-0015698,1971-12-27,
00-0015700,1972-10-16,
00-0015723,1974-06-03,
00-0015751,1972-10-06,
00-0015754,1976-06-23,1858
00-0015759,1964-01-28,
00-0015811,1977-04-20,
00-0016098,1976-01-27,
00-0016193,1963-11-13,
00-0016214,1969-08-15,
00-0016232,1971-07-16,
00-0016296,1976-04-26,
00-0016321,1973-03-30,
00-0016331,1966-05-16,
00-0016347,1969-12-30,
00-0016440,1975-04-28,
00-0016534,1966-02-07,
00-0016538,1962-10-23,
00-0016550,1974-09-08,
00-0016654,1976-06-24,
00-0016677,1976-03-24,
00-0016811,1973-07-24,
00-0016821,1974-07-24,
00-0016837,1974-02-25,
00-0016838,1970-05-01,
00-0017027,1967-06-22,
00-0017109,1966-02-26,
00-0017110,1968-12-12,
00-0017121,1966-12-01,
00-0017160,1974-09-29,
00-0017162,1976-03-08,
00-0017200,1971-06-22,
00-0017209,1968-01-24,
00-0017218,1973-01-04,
00-0017301,1976-09-29,
00-0017303,1975-01-07,
00-0017322,1969-04-07,
00-0017356,1976-08-11,
00-0017415,1969-02-03,
00-0017470,1972-07-07,
00-0017480,1970-11-05,
00-0017486,1972-01-19,
00-0017611,1974-09-04,
00-0017662,1974-06-05,
00-0017697,1975-07-29,
00-0017829,1972-07-03,
00-0017847,1971-04-10,
00-0017860,1971-01-25,
00-0017892,1974-07-26,
00-0017896,1977-03-30,
00-0017915,1977-05-21,1756
00-0017922,1973-08-15,
00-0017924,1975-04-27,
00-0018333,1974-05-27,
00-0018343,1971-10-14,
00-0018382,1976-11-20,
00-0018441,1961-10-11,
00-0018483,1972-09-06,
00-0018501,1976-10-08,
00-0018518,1967-12-13,
00-0018608,1976-09-03,
00-0000534,1976-06-19,
00-0000598,1977-04-26,
00-0000781,1976-03-13,
00-0001098,1973-02-03,
00-0001272,1976-05-15,
00-0001823,1976-03-24,
00-0001848,1970-06-23,
00-0002159,1976-11-30,
00-0003600,1974-04-19,
00-0004055,1975-03-24,
00-0004508,1975-10-28,
00-0004595,1971-12-29,
00-0004633,1976-03-15,
00-0004637,1973-11-15,
00-0005854,1975-08-12,
00-0005860,1970-08-09,
00-0006355,1970-07-09,
00-0006458,1969-07-31,
00-0006777,1970-07-24,
00-0006989,1970-12-23,
00-0007059,1973-12-07,
00-0007213,1976-09-21,
00-0007834,1976-04-15,
00-0008109,1975-02-26,
00-0008357,1975-02-28,
00-0008841,1971-05-08,
00-0009715,1976-05-15,
00-0010455,1970-02-08,
00-0010632,1968-06-20,
00-0010786,1976-05-02,
00-0010974,1972-06-17,
00-0011439,1975-12-10,
00-0011573,1974-11-20,
00-0012569,1976-07-14,
00-0013338,1975-02-27,
00-0014977,1976-03-26,
00-0015601,1975-11-13,
00-0015970,1975-08-14,
00-0017644,1975-01-18,
00-0018056,1974-06-23,
00-0018272,1976-02-14,
00-0018568,1977-05-16,
00-0018958,1977-12-29,
00-0018971,1978-04-02,
00-0018977,1976-09-07,
00-0019021,1977-09-10,
00-0019025,1977-05-25,
00-0019027,1977-03-26,
00-0019028,1977-08-31,
00-0019057,1978-02-11,
00-0019087,1977-10-27,
00-0019093,1977-08-01,
00-0019109,1978-05-26,
00-0019127,1978-03-18,
00-0019192,1977-07-17,
00-0019206,1977-08-20,
00-0019207,1977-04-01,
00-0019231,1976-11-07,
00-0019238,1976-12-27,
00-0019255,1973-09-22,
00-0019278,1977-07-27,
00-0019290,1976-09-08,
00-0019338,1977-02-16,
00-0019350,1979-05-03,
00-0019382,1978-05-22,
00-0019442,1977-12-29,
00-0019455,1977-06-19,
00-0019457,1977-08-08,
00-0019461,1977-11-05,
00-0019464,1976-08-05,
00-0019466,1976-10-18,
00-0019471,1976-09-09,
00-0019473,1977-10-02,
00-0019481,1976-12-14,
00-0019484,1977-03-23,2287
00-0019486,1977-12-04,
00-0019491,1978-03-06,
00-0019505,1977-11-19,
00-0019516,1976-11-06,
00-0019533,1977-12-31,
00-0019543,1977-05-21,
00-0019552,1976-12-15,
00-0019553,1978-08-10,
00-0019559,1976-06-26,
00-0019564,1976-12-05,
00-0019576,1976-09-02,
00-0019579,1977-03-13,
00-0019590,1977-04-04,
00-0019594,1973-09-21,
00-0019596,1977-08-03,2330
00-0019604,1978-01-16,
00-0019606,1977-04-23,
00-0019609,1976-12-08,
00-0019614,1978-01-05,
00-0019622,1978-07-06,
00-0019623,1977-03-15,
00-0019641,1978-08-19,
00-0019642,1977-08-12,2139
00-0019643,1978-03-14,
00-0019644,1978-01-06,
00-0019647,1977-08-30,
00-0019649,1977-03-03,
00-0019650,1977-12-22,
00-0019659,1977-07-28,
00-0019660,1979-08-23,
00-0019662,1976-05-28,
00-0019663,1978-12-06,
00-0019670,1977-11-03,
00-0019673,1978-01-31,
00-0019682,1977-05-03,
00-0019693,1979-08-26,
00-0019703,1978-07-14,
00-0019708,1977-04-27,
00-0019709,1977-07-07,2206
00-0019721,1979-03-30,
00-0019722,1977-09-28,
00-0019726,1977-10-06,
00-0000727,1970-12-14,
00-0001545,1972-08-01,
00-0003220,1975-01-31,
00-0003315,1971-11-05,
00-0004112,1976-01-22,
00-0005932,1975-02-25,
00-0006208,1975-07-14,
00-0006930,1972-09-18,
00-0007180,1971-01-04,
00-0007576,1973-07-09,
00-0010206,1975-09-04,
00-0010261,1971-09-02,
00-0013467,1974-05-04,
00-0014234,1962-10-02,
00-0015959,1975-01-17,
00-0015980,1975-07-24,
00-0016373,1977-07-05,
00-0017239,1977-02-20,
00-0018976,1976-03-29,
00-0018997,1977-07-19,
00-0019008,1976-04-08,
00-0019038,1977-05-08,
00-0019041,1976-04-28,
00-0019054,1977-12-25,
00-0019062,1977-01-18,
00-0019164,1978-04-18,
00-0019268,1977-05-18,
00-0019404,1975-04-04,
00-0019423,1976-01-05,
00-0019453,1977-01-09,
00-0019468,1978-06-02,
00-0019487,1977-02-11,
00-0019510,1977-02-05,
00-0019534,1977-02-24,
00-0019539,1978-09-20,
00-0019547,1977-04-24,
00-0019558,1976-10-15,
00-0019598,1977-03-01,
00-0019610,1978-08-21,
00-0019633,1978-07-25,
00-0019661,1977-11-12,
00-0019712,1977-08-22,
00-0019794,1979-07-12,
00-0019826,1974-02-10,
00-0019831,1978-01-26,
00-0019862,1977-12-30,
00-0019863,1979-01-17,
00-0019889,1978-08-30,
00-0019913,1977-05-16,
00-0019976,1978-08-26,
00-0020018,1977-04-09,
00-0020050,1978-06-27,
00-0020090,1978-01-03,
00-0020094,1977-11-20,
00-0020112,1978-03-09,
00-0020171,1979-06-22,
00-0020181,1977-08-22,
00-0020187,1978-10-26,
00-0020226,1978-05-26,
00-0020245,1980-06-26,2549
00-0020256,1977-12-23,
00-0020268,1979-08-09,
00-0020270,1978-10-06,2670
00-0020272,1977-02-06,
00-0020273,1978-04-22,
00-0020285,1977-12-23,
00-0020305,1977-05-16,
00-0020308,1979-02-08,
00-0020320,1978-03-19,
00-0020332,1979-03-13,
00-0020337,1979-05-12,2622
00-0020340,1978-06-26,
00-0020342,1980-01-04,
00-0020343,1979-03-20,
00-0020361,1979-04-23,
00-0020370,1979-11-24,
00-0020381,1978-12-01,
00-0020387,1978-09-21,
00-0020391,1979-02-08,
00-0020397,1978-01-09,2584
00-0020403,1977-11-07,
00-0020404,1977-10-13,
00-0020405,1979-03-22,
00-0020415,1973-11-26,
00-0020417,1980-02-28,
00-0020425,1978-10-04,
00-0020427,1977-09-23,
00-0020430,1976-08-04,
00-0020434,1972-07-31,
00-0020438,1977-09-26,
00-0020446,1978-08-12,
00-0020448,1979-06-30,
00-0020455,1979-09-15,
00-0020462,1978-11-11,
00-0020471,1978-10-29,
00-0020474,1979-01-07,
00-0020476,1978-06-07,
00-0020485,1978-01-14,
00-0020490,1980-03-19,
00-0020494,1979-06-01,2564
00-0020497,1978-11-28,
00-0020498,1978-11-17,2578
00-0020513,1979-03-13,
00-0020514,1978-08-13,
00-0020516,1980-03-16,2579
00-0020525,1977-10-26,
00-0020527,1978-12-27,
00-0020531,1979-01-15,2580
00-0020536,1979-06-23,2553
00-0004774,1974-10-02,
00-0007447,1976-01-02,
00-0014384,1974-11-21,
00-0018588,1977-01-17,
00-0018981,1978-06-19,
00-0019035,1978-07-09,
00-0019065,1976-10-29,
00-0019302,1978-07-21,
00-0019454,1976-05-14,
00-0019569,1977-12-11,
00-0019599,1977-04-05,
00-0019600,1971-11-14,
00-0019625,1978-08-15,
00-0019725,1975-01-08,
00-0019764,1975-06-04,
00-0019808,1978-03-13,
00-0020021,1977-02-01,
00-0020022,1978-08-08,
00-0020062,1978-06-11,
00-0020126,1978-07-12,
00-0020159,1978-12-01,
00-0020173,1976-10-24,
00-0020274,1979-01-17,
00-0020315,1979-08-23,
00-0020345,1977-09-18,
00-0020373,1978-12-18,
00-0020376,1978-05-12,
00-0020407,1979-10-01,
00-0020428,1979-12-17,
00-0020452,1978-12-17,
00-0020464,1978-08-01,
00-0020479,1978-10-09,
00-0020480,1978-03-06,
00-0020483,1978-10-05,
00-0020484,1979-03-19,
00-0020520,1977-03-28,
00-0020542,1976-01-13,
00-0020562,1977-02-21,
00-0020564,1978-09-21,
00-0020583,1978-05-04,
00-0020608,1979-07-21,3529
00-0020676,1979-10-06,
00-0020692,1980-04-12,
00-0020700,1978-02-13,
00-0020739,1978-08-29,
00-0020754,1980-07-23,
00-0020780,1979-06-12,
00-0020805,1980-05-22,
00-0020820,1979-09-22,
00-0020828,1980-07-27,
00-0020849,1980-04-11,
00-0020904,1979-04-14,
00-0020917,1979-09-15,
00-0020964,1979-10-12,
00-0020973,1979-10-04,
00-0020984,1979-08-07,
00-0021031,1978-12-11,
00-0021048,1979-07-17,
00-0021063,1978-11-16,
00-0021084,1978-11-04,
00-0021087,1977-10-29,
00-0021090,1979-02-12,
00-0021093,1977-12-30,
00-0021094,1979-07-28,
00-0021100,1979-01-20,
00-0021121,1979-02-27,
00-0021141,1978-10-21,
00-0021147,1980-11-10,
00-0021148,1980-08-18,
00-0021150,1979-12-17,
00-0021152,1980-02-16,
00-0021153,1978-10-14,
00-0021154,1978-11-16,
00-0021159,1979-11-13,
00-0021163,1980-12-01,3561
00-0021166,1980-05-01,
00-0021174,1979-09-21,
00-0021175,1979-06-12,
00-0021176,1979-03-28,
00-0021179,1981-09-01,3579
00-0021182,1979-12-01,3582
00-0021183,1979-01-02,
00-0021184,1979-08-27,3584
00-0021190,1979-08-17,
00-0021191,1981-03-09,
00-0021192,1979-07-18,3593
00-0021206,1979-07-04,3609
00-0021209,1980-01-07,
00-0021213,1979-11-18,
00-0021216,1979-09-02,3619
00-0021223,1979-07-21,
00-0021227,1979-03-15,
00-0021231,1978-02-14,3636
00-0021236,1979-06-28,3642
00-0021238,1979-04-14,
00-0021241,1979-03-16,
00-0021242,1980-05-23,
00-0021252,1979-02-08,
00-0021253,1979-03-09,
00-0021254,1978-09-18,
00-0021255,1980-01-10,
00-0021268,1979-12-03,
00-0021282,1980-02-24,
00-0021304,1979-09-21,
00-0021306,1979-07-01,
00-0021309,1978-09-18,
00-0021313,1980-05-09,
00-0021314,1979-09-22,3784
00-0021330,1979-02-02,
00-0021352,1980-02-23,
00-0021353,1980-08-16,
00-0021357,1979-12-03,
00-0021376,1981-02-17,
00-0021379,1979-02-14,
00-0021386,1978-06-26,
00-0018578,1975-11-22,
00-0019242,1976-05-05,
00-0019281,1977-03-12,
00-0019816,1978-04-06,
00-0019905,1978-04-13,
00-0019919,1978-05-21,
00-0019975,1977-08-18,
00-0020030,1977-02-09,
00-0020058,1978-02-05,
00-0020508,1978-06-16,
00-0020550,1977-01-20,
00-0020587,1977-01-10,
00-0020735,1975-10-30,
00-0020786,1979-06-07,
00-0020794,1980-05-18,
00-0021028,1980-06-04,
00-0021098,1979-12-11,
00-0021102,1980-03-05,
00-0021164,1980-01-10,
00-0021212,1979-02-08,
00-0021271,1980-01-23,
00-0021273,1979-05-15,
00-0021287,1979-03-19,
00-0021337,1979-05-28,
00-0021387,1980-04-12,
00-0021403,1977-10-08,
00-0021406,1979-04-02,
00-0021425,1978-03-03,
00-0021437,1979-04-20,
00-0021460,1981-01-20,
00-0021508,1980-02-12,
00-0021509,1980-06-03,
00-0021525,1980-10-10,
00-0021528,1979-03-06,
00-0021547,1980-06-18,5362
00-0021570,1980-05-20,
00-0021581,1980-02-20,
00-0021586,1980-09-30,
00-0021747,1980-12-19,
00-0021750,1980-04-22,
00-0021756,1981-02-28,
00-0021780,1980-11-05,
00-0021845,1978-12-23,
00-0021915,1980-12-14,
00-0021921,1980-03-23,
00-0021923,1980-02-14,
00-0021927,1980-01-03,
00-0021929,1980-08-31,
00-0021931,1981-08-04,4713
00-0021938,1980-02-11,
00-0021955,1981-01-12,
00-0021969,1980-04-16,
00-0021973,1980-02-19,
00-0021976,1979-11-19,
00-0021979,1980-10-01,
00-0021980,1981-04-01,
00-0021981,1981-06-30,
00-0021982,1981-01-24,
00-0021993,1979-02-11,
00-0021999,1981-08-19,4529
00-0022001,1978-07-17,
00-0022006,1978-01-05,
00-0022011,1980-07-21,
00-0022024,1980-01-15,
00-0022032,1981-06-17,
00-0022036,1977-11-03,
00-0022044,1981-07-11,4461
00-0022051,1981-11-29,
00-0022054,1980-06-18,4549
00-0022057,1980-09-24,
00-0022060,1980-03-14,
00-0022064,1980-02-22,
00-0022072,1981-05-23,
00-0022084,1980-10-03,4512
00-0022087,1980-11-09,
00-0022091,1979-10-03,
00-0022092,1981-04-17,
00-0022093,1980-01-25,
00-0022095,1981-01-12,
00-0022097,1981-07-05,4582
00-0022102,1980-08-27,
00-0022111,1980-03-10,
00-0022112,1981-02-08,
00-0022116,1981-12-01,
00-0022121,1980-08-23,4480
00-0022124,1981-05-30,
00-0022126,1980-05-13,
00-0022127,1982-05-06,4527
00-0022129,1981-02-11,
00-0022130,1982-05-31,
00-0022135,1980-03-08,
00-0022138,1980-12-08,
00-0022144,1981-02-25,
00-0022156,1981-03-07,
00-0022164,1981-06-17,
00-0022165,1979-06-12,4482
00-0022171,1979-08-21,
00-0022174,1980-07-25,
00-0022177,1980-01-14,4465
00-0022180,1980-08-11,
00-0011641,1976-02-26,
00-0019134,1978-02-22,
00-0019907,1978-05-27,
00-0019997,1979-02-12,
00-0020046,1977-09-08,
00-0020073,1977-01-07,
00-0020127,1977-03-23,
00-0020617,1979-06-04,
00-0020770,1979-07-07,
00-0020793,1980-09-06,
00-0020797,1978-07-22,
00-0020985,1979-08-10,
00-0021260,1978-12-15,
00-0021277,1979-04-21,
00-0021296,1979-08-25,
00-0021305,1978-08-23,
00-0021343,1978-01-05,
00-0021409,1978-11-29,
00-0021424,1977-07-13,
00-0021429,1979-12-27,4459
00-0021434,1980-07-28,
00-0021530,1979-04-17,
00-0021554,1978-12-15,
00-0021560,1981-02-16,
00-0021636,1979-10-31,
00-0021647,1980-11-26,
00-0021673,1980-10-12,
00-0021755,1980-01-15,4950
00-0021788,1981-12-28,
00-0021810,1980-02-28,
00-0021890,1980-11-20,
00-0021936,1980-03-12,
00-0022005,1980-08-29,
00-0022026,1979-11-15,
00-0022039,1981-04-22,
00-0022101,1979-11-28,
00-0022178,1981-10-21,4481
00-0022181,1980-02-13,
00-0022215,1980-10-02,
00-0022217,1982-07-24,5644
00-0022224,1980-02-04,
00-0022232,1981-08-23,
00-0022250,1980-11-11,
00-0022288,1982-07-12,
00-0022363,1980-12-18,
00-0022384,1981-10-29,
00-0022385,1980-08-04,
00-0022388,1982-03-12,
00-0022414,1981-09-08,6016
00-0022427,1981-05-01,5941
00-0022449,1980-10-29,
00-0022464,1980-12-04,
00-0022538,1980-10-02,
00-0022582,1980-11-04,
00-0022621,1980-10-25,
00-0022664,1981-11-28,
00-0022674,1981-12-24,
00-0022679,1981-02-25,
00-0022704,1980-11-19,
00-0022706,1980-03-30,
00-0022725,1982-10-13,
00-0022726,1982-05-21,
00-0022731,1980-06-30,
00-0022736,1983-07-22,5549
00-0022738,1982-07-11,5606
00-0022739,1982-04-16,
00-0022744,1980-12-03,
00-0022751,1981-12-19,
00-0022754,1981-03-25,
00-0022759,1981-06-16,
00-0022766,1979-04-07,
00-0022770,1980-08-30,5760
00-0022781,1982-06-18,5554
00-0022782,1982-08-21,
00-0022787,1981-06-25,5615
00-0022797,1980-03-28,
00-0022803,1981-01-03,5526
00-0022807,1980-12-27,
00-0022811,1982-06-16,5633
00-0022818,1981-07-01,
00-0022821,1982-02-13,5679
00-0022825,1980-10-01,
00-0022826,1982-09-24,
00-0022827,1980-09-09,
00-0022840,1981-08-14,5568
00-0022847,1980-07-05,
00-0022864,1981-07-12,
00-0022872,1981-01-09,
00-0022873,1981-12-07,
00-0022883,1980-11-21,
00-0022889,1983-05-17,
00-0022892,1980-10-17,
00-0022893,1981-03-02,
00-0022897,1981-05-09,
00-0022901,1979-01-14,
00-0022907,1981-10-07,
00-0022909,1981-12-20,
00-0022910,1981-03-11,
00-0022912,1981-03-12,
00-0022916,1982-09-01,
00-0022921,1983-08-31,5528
00-0022922,1983-07-21,5531
00-0022924,1982-03-02,5536
00-0022926,1981-12-27,
00-0022942,1981-12-08,5529
00-0022943,1980-12-18,5557
00-0020613,1979-05-21,
00-0020679,1980-01-09,4260
00-0021006,1979-10-23,
00-0021317,1979-03-23,
00-0021678,1980-04-21,5209
00-0021712,1980-07-02,
00-0021813,1977-05-28,
00-0021852,1980-04-05,
00-0021868,1980-06-20,
00-0022027,1979-08-09,
00-0022041,1980-08-13,
00-0022055,1980-08-06,4568
00-0022110,1979-09-15,
00-0022219,1979-12-13,
00-0022255,1980-12-26,
00-0022431,1981-02-10,
00-0022447,1981-01-07,
00-0022484,1982-05-19,
00-0022555,1981-06-30,
00-0022564,1981-06-11,
00-0022613,1981-11-30,
00-0022701,1981-07-03,
00-0022714,1981-08-22,
00-0022733,1981-03-22,
00-0022768,1979-02-12,
00-0022774,1980-07-03,
00-0022879,1981-09-05,
00-0022929,1982-03-26,5575
00-0022951,1981-07-29,
00-0023039,1982-12-28,
00-0023072,1981-06-21,
00-0023074,1982-11-13,
00-0023108,1982-07-18,
00-0023151,1982-08-18,
00-0023163,1981-08-22,
00-0023176,1983-06-09,9270
00-0023192,1981-05-21,
00-0023217,1983-09-03,
00-0023248,1983-12-23,
00-0023436,1984-05-07,8416
00-0023437,1981-12-12,8417
00-0023438,1983-02-21,8418
00-0023439,1982-12-28,8419
00-0023440,1982-04-21,
00-0023442,1983-04-30,
00-0023452,1984-01-04,
00-0023456,1983-04-22,
00-0023457,1982-07-02,
00-0023459,1983-12-02,8439
00-0023462,1981-11-02,8442
00-0023465,1982-10-22,8444
00-0023470,1981-01-13,
00-0023474,1982-01-29,
00-0023479,1983-01-23,
00-0023490,1982-07-16,
00-0023493,1982-12-15,
00-0023496,1983-01-14,8475
00-0023500,1983-05-14,8479
00-0023502,1981-08-28,
00-0023503,1983-01-10,
00-0023506,1982-05-22,
00-0023508,1980-02-04,
00-0023512,1982-12-17,
00-0023518,1983-05-17,
00-0023531,1982-10-06,
00-0023541,1982-11-14,8520
00-0023544,1983-06-10,
00-0023545,1982-07-06,8524
00-0023547,1982-10-29,
00-0023549,1983-07-26,
00-0023561,1982-08-10,
00-0023564,1983-06-20,8544
00-0023570,1981-03-14,
00-0023576,1982-04-14,
00-0023578,1983-08-18,8559
00-0023591,1982-04-30,
00-0023607,1981-07-11,
00-0023612,1981-01-06,
00-0023615,1982-06-28,
00-0023623,1982-01-20,
00-0023625,1984-04-18,
00-0023630,1982-07-26,8612
00-0023654,1982-11-04,
00-0023658,1982-01-24,
00-0023662,1982-05-17,8644
00-0023676,1982-04-03,
00-0023679,1982-10-31,
00-0023682,1982-11-24,8664
00-0023701,1982-03-31,
00-0023704,1982-01-29,
00-0001222,1974-03-28,
00-0019153,1977-10-11,
00-0020565,1979-08-16,
00-0021129,1979-09-07,
00-0021629,1980-01-11,
00-0021886,1979-12-07,
00-0022228,1981-03-06,
00-0022307,1981-04-24,
00-0022308,1982-07-02,
00-0022421,1982-08-10,
00-0022590,1981-02-14,
00-0022724,1982-05-27,
00-0022746,1981-04-08,
00-0022773,1981-04-14,
00-0022801,1981-04-26,
00-0022817,1980-03-27,
00-0023064,1980-10-02,
00-0023159,1979-03-27,
00-0023218,1982-07-08,
00-0023222,1981-10-04,
00-0023258,1982-07-01,
00-0023310,1983-08-31,9400
00-0023367,1983-08-28,9307
00-0023426,1982-08-20,
00-0023429,1979-07-24,
00-0023460,1981-12-31,8440
00-0023489,1983-06-23,
00-0023504,1982-05-11,
00-0023521,1982-02-05,
00-0023645,1983-06-15,8627
00-0023657,1982-09-06,
00-0023844,1983-11-07,
00-0023859,1983-05-11,
00-0023867,1983-02-27,
00-0023878,1982-04-26,
00-0023889,1982-07-26,
00-0023891,1984-10-05,
00-0023897,1983-05-09,
00-0023947,1983-04-05,
00-0023953,1985-04-24,
00-0023968,1983-01-31,
00-0023981,1983-05-26,
00-0024011,1983-04-23,9864
00-0024013,1982-09-04,
00-0024044,1984-04-02,
00-0024174,1984-07-31,
00-0024189,1983-12-29,
00-0024202,1981-01-30,
00-0024217,1985-03-02,9588
00-0024218,1983-05-18,9589
00-0024221,1984-01-31,9592
00-0024225,1983-05-11,9596
00-0024226,1983-04-29,9597
00-0024236,1985-02-05,9607
00-0024240,1984-03-03,9611
00-0024242,1983-04-25,9613
00-0024243,1984-05-19,9614
00-0024245,1983-05-03,9616
00-0024251,1985-03-06,
00-0024259,1983-12-28,
00-0024260,1984-12-20,
00-0024261,1983-11-09,
00-0024264,1983-06-06,9635
00-0024267,1983-09-21,9638
00-0024268,1984-04-20,9639
00-0024272,1982-11-04,9643
00-0024275,1985-03-23,9646
00-0024276,1983-02-15,9647
00-0024279,1983-04-21,9650
00-0024287,1983-09-10,
00-0024289,1984-05-08,
00-0024293,1984-02-11,
00-0024294,1983-07-29,9665
00-0024296,1982-08-06,9667
00-0024297,1984-09-21,
00-0024300,1983-02-06,
00-0024301,1983-07-05,9672
00-0024305,1985-02-21,
00-0024308,1984-02-07,
00-0024313,1982-11-09,9684
00-0024318,1983-12-12,9689
00-0024324,1983-04-20,9695
00-0024326,1983-03-28,
00-0024332,1982-08-29,9703
00-0024334,1984-03-23,9705
00-0024359,1983-02-26,9731
00-0024362,1982-08-15,
00-0024369,1983-02-19,9741
00-0024380,1982-04-14,
00-0024384,1983-09-08,
00-0024389,1984-08-12,9761
00-0024398,1982-11-17,
00-0024404,1982-01-31,
00-0024407,1983-09-20,
00-0024408,1983-01-27,9780
00-0024465,1983-07-28,
00-0024466,1983-06-05,9838
00-0022206,1980-07-14,
00-0022240,1981-11-07,
00-0022403,1981-01-02,
00-0022434,1981-03-27,
00-0022984,1982-12-09,9475
00-0023051,1982-03-31,
00-0023158,1981-07-04,
00-0023179,1983-02-11,
00-0023251,1981-12-30,
00-0023408,1982-04-18,
00-0023551,1983-06-27,
00-0023655,1983-07-08,
00-0023714,1982-02-13,
00-0023764,1982-08-20,
00-0023784,1982-11-18,
00-0023790,1983-12-26,
00-0023806,1984-08-01,
00-0023822,1982-05-04,
00-0023858,1983-10-15,
00-0023921,1984-06-30,10147
00-0023928,1983-01-20,
00-0024067,1981-03-13,
00-0024069,1983-02-19,
00-0024077,1983-02-28,
00-0024148,1982-09-22,
00-0024170,1982-11-15,
00-0024171,1984-02-01,
00-0024172,1983-01-31,
00-0024204,1981-02-20,10195
00-0024310,1982-09-19,
00-0024321,1983-10-12,
00-0024340,1984-09-12,
00-0024345,1984-10-08,9716
00-0024358,1982-12-29,
00-0024447,1984-05-23,9819
00-0024463,1983-10-30,9835
00-0024542,1983-08-14,
00-0024549,1983-10-01,
00-0024553,1984-07-07,
00-0024607,1984-04-16,
00-0024625,1984-05-01,
00-0024682,1983-10-09,
00-0024698,1983-10-08,
00-0024756,1984-04-13,
00-0024813,1984-12-18,10713
00-0024824,1984-06-09,
00-0024846,1986-09-06,
00-0024850,1985-10-21,
00-0025388,1985-08-09,
00-0025389,1985-09-29,10447
00-0025394,1985-03-21,10452
00-0025396,1985-04-12,10453
00-0025399,1986-04-22,10456
00-0025409,1984-10-27,10466
00-0025410,1984-09-21,10467
00-0025417,1985-10-02,
00-0025418,1985-03-11,10475
00-0025419,1984-09-18,
00-0025423,1984-08-24,10480
00-0025425,1985-12-11,10482
00-0025427,1981-08-21,
00-0025431,1986-09-01,10488
00-0025432,1986-09-11,
00-0025437,1985-06-06,
00-0025438,1985-05-06,10495
00-0025439,1984-02-03,10496
00-0025450,1985-10-02,10507
00-0025458,1984-06-14,
00-0025460,1984-07-11,10517
00-0025461,1982-01-10,
00-0025462,1985-05-20,10519
00-0025463,1985-02-20,
00-0025464,1983-11-24,
00-0025465,1984-03-31,10522
00-0025477,1985-11-24,
00-0025479,1983-10-30,
00-0025480,1984-08-17,
00-0025486,1983-09-08,
00-0025494,1985-12-19,
00-0025498,1983-06-02,
00-0025505,1984-11-04,
00-0025515,1984-01-23,
00-0025520,1984-08-08,
00-0025529,1983-08-20,10585
00-0025533,1984-06-25,
00-0025535,1984-12-15,
00-0025540,1984-01-11,10596
00-0025542,1984-10-25,10598
00-0025549,1985-01-25,10605
00-0025559,1983-09-16,
00-0025561,1984-07-20,
00-0025578,1983-08-05,
00-0025584,1984-04-07,
00-0025602,1984-08-23,
00-0025604,1984-04-14,
00-0025609,1985-03-11,
00-0025615,1983-10-09,
00-0025616,1983-12-18,
00-0025633,1982-12-26,10689
00-0025636,1985-08-27,
00-0025637,1986-03-19,10693
00-0025701,1983-10-01,11197
00-0025708,1984-08-09,11128
00-0025794,1983-12-01,
00-0022277,1982-04-15,
00-0022483,1981-04-12,
00-0022882,1980-11-03,
00-0023210,1983-01-20,
00-0023752,1983-09-23,
00-0023788,1981-11-22,
00-0023797,1983-02-11,
00-0023881,1984-02-26,
00-0023991,1982-12-23,
00-0024103,1984-05-04,10057
00-0024158,1983-11-02,
00-0024460,1984-07-15,
00-0024529,1984-10-12,
00-0024535,1985-07-04,
00-0024559,1985-02-18,
00-0024595,1985-01-21,
00-0024681,1984-10-16,
00-0024687,1984-10-11,
00-0024763,1984-08-23,
00-0025414,1984-09-28,10471
00-0025430,1984-05-07,10487
00-0025466,1984-11-21,
00-0025467,1983-12-02,
00-0025487,1984-06-16,10544
00-0025490,1984-08-16,
00-0025544,1985-07-07,
00-0025556,1983-12-08,
00-0025592,1984-05-30,
00-0025614,1982-11-10,
00-0025621,1984-12-06,
00-0025622,1983-10-04,
00-0025860,1985-07-02,11754
00-0025892,1985-12-13,
00-0025913,1984-09-06,
00-0025997,1985-08-22,
00-0026000,1985-09-13,11678
00-0026026,1984-08-28,
00-0026029,1984-05-15,11766
00-0026113,1985-07-04,
00-0026143,1985-05-17,11237
00-0026144,1987-08-27,11238
00-0026153,1987-03-21,11247
00-0026158,1985-01-16,11252
00-0026162,1987-05-08,11256
00-0026163,1987-06-19,11257
00-0026164,1985-09-23,11258
00-0026170,1984-09-25,11264
00-0026173,1984-06-12,11267
00-0026174,1986-11-15,
00-0026176,1985-05-31,11270
00-0026178,1984-05-12,11272
00-0026181,1985-12-24,
00-0026182,1986-05-21,11276
00-0026184,1985-12-10,11278
00-0026186,1986-02-04,11280
00-0026188,1986-01-15,11282
00-0026189,1986-12-01,11283
00-0026191,1986-12-30,
00-0026193,1984-12-25,
00-0026195,1987-01-22,11289
00-0026197,1985-07-02,11291
00-0026201,1987-03-10,11295
00-0026204,1986-12-17,11298
00-0026209,1985-05-08,11303
00-0026213,1986-12-27,11307
00-0026216,1984-11-28,
00-0026221,1985-10-28,11315
00-0026224,1984-09-16,11318
00-0026225,1984-09-01,11319
00-0026229,1986-01-04,11323
00-0026231,1987-03-26,11325
00-0026234,1985-05-25,
00-0026235,1986-05-25,11329
00-0026237,1985-04-15,11331
00-0026245,1985-10-13,
00-0026251,1985-05-04,
00-0026262,1984-11-20,11359
00-0026266,1986-07-12,11371
00-0026267,1985-03-15,11373
00-0026268,1984-10-29,
00-0026272,1983-08-24,
00-0026279,1986-08-10,11362
00-0026289,1986-05-23,11383
00-0026296,1985-01-11,
00-0026314,1985-06-20,11408
00-0026316,1985-12-30,11410
00-0026319,1985-02-15,
00-0026336,1985-11-22,
00-0026342,1986-04-09,11436
00-0026345,1986-08-08,11439
00-0026349,1985-06-20,11443
00-0026353,1985-04-29,
00-0026364,1986-07-22,11458
00-0026366,1985-11-07,11460
00-0026367,1986-01-21,11461
00-0026399,1984-10-11,
00-0026432,1985-06-19,11912
00-0026453,1985-02-15,
00-0022296,1980-12-10,
00-0023832,1983-02-02,
00-0024432,1983-06-22,
00-0024561,1984-06-23,
00-0024738,1985-06-23,
00-0025597,1984-07-24,
00-0025841,1985-05-04,
00-0025864,1984-07-24,
00-0025934,1985-05-04,
00-0025951,1984-12-29,
00-0025955,1985-02-25,
00-0025970,1985-09-11,11540
00-0025992,1985-07-11,
00-0026008,1985-01-18,
00-0026019,1985-01-25,11788
00-0026022,1985-01-18,
00-0026035,1985-11-02,11674
00-0026100,1985-01-18,
00-0026121,1985-08-05,
00-0026123,1985-01-03,11870
00-0026132,1985-05-05,
00-0026196,1985-09-23,
00-0026210,1987-03-23,11304
00-0026276,1985-02-19,
00-0026281,1985-09-22,11364
00-0026293,1985-09-09,11387
00-0026298,1985-10-11,11392
00-0026300,1986-05-15,11394
00-0026333,1984-07-10,
00-0026355,1985-02-24,
00-0026357,1985-06-21,
00-0026372,1984-10-09,
00-0026373,1985-10-14,11467
00-0026396,1986-01-17,
00-0026491,1981-06-02,
00-0026498,1988-02-07,12483
00-0026562,1987-06-11,
00-0026579,1986-12-10,12488
00-0026607,1985-03-24,
00-0026625,1985-10-13,12477
00-0026658,1986-05-04,
00-0026669,1987-09-16,
00-0026716,1982-12-23,
00-0026753,1984-03-20,
00-0026757,1985-04-10,
00-0026769,1985-03-31,
00-0026780,1987-08-05,12588
00-0026790,1986-12-19,
00-0026796,1986-08-24,12497
00-0026898,1986-11-11,12482
00-0026899,1985-08-21,12500
00-0026901,1986-08-01,12601
00-0026902,1986-01-01,12555
00-0026908,1985-01-02,
00-0026913,1986-11-03,12678
00-0026931,1986-02-23,12548
00-0026937,1987-08-13,12567
00-0026941,1984-02-10,12724
00-0026953,1986-01-03,
00-0026956,1987-04-26,12730
00-0026957,1987-08-26,12506
00-0026959,1985-03-11,
00-0026963,1987-03-18,
00-0026983,1987-02-26,12570
00-0026986,1987-09-14,12563
00-0026988,1987-07-16,12516
00-0026993,1988-01-13,12473
00-0026995,1988-05-11,12579
00-0026996,1985-02-23,12549
00-0026998,1988-05-28,12569
00-0027003,1987-04-11,12489
00-0027005,1988-01-14,12586
00-0027006,1988-09-19,12556
00-0027007,1988-08-07,12525
00-0027012,1987-12-03,
00-0027020,1986-02-25,
00-0027026,1986-11-24,12581
00-0027029,1988-07-12,12514
00-0027040,1986-09-06,
00-0027048,1987-05-01,
00-0027056,1986-07-06,
00-0027057,1987-10-05,12597
00-0027061,1987-04-07,12537
00-0027063,1986-01-04,
00-0027070,1987-01-24,12532
00-0027076,1987-06-04,12598
00-0027077,1986-11-22,12568
00-0027080,1987-05-23,12499
00-0027088,1985-10-05,
00-0027089,1987-05-11,12585
00-0027092,1985-11-11,12561
00-0027098,1986-06-21,
00-0027105,1985-12-21,
00-0027120,1987-02-02,12520
00-0027125,1984-10-04,12699
00-0027129,1985-10-10,
00-0027130,1986-01-01,
00-0027131,1985-09-24,
00-0027134,1985-06-24,
00-0027135,1985-09-04,12705
00-0027139,1987-06-11,12550
00-0027140,1986-05-20,12517
00-0027141,1986-04-08,
00-0027150,1986-05-22,12649
00-0027154,1985-11-06,
00-0027155,1985-03-26,12503
00-0027157,1985-01-21,
00-0027167,1985-12-12,
00-0024812,1983-08-09,
00-0025516,1985-07-23,10572
00-0025573,1984-04-26,
00-0025749,1983-02-03,
00-0026012,1983-08-06,
00-0026032,1983-09-30,
00-0026056,1981-11-04,
00-0026331,1985-06-12,
00-0026377,1985-11-07,
00-0026465,1983-03-29,11946
00-0026536,1987-03-29,
00-0026544,1986-10-07,12471
00-0026566,1984-11-10,12898
00-0026598,1985-01-19,
00-0026620,1985-11-06,
00-0026644,1986-12-03,
00-0026665,1986-07-19,
00-0026745,1985-09-20,12764
00-0026804,1986-05-08,
00-0026819,1986-05-24,
00-0026855,1985-09-17,13158
00-0026878,1985-11-04,
00-0026932,1986-10-10,12519
00-0027059,1987-05-19,
00-0027069,1986-11-10,
00-0027071,1985-09-27,12478
00-0027094,1986-12-15,12490
00-0027149,1986-10-14,
00-0027156,1987-02-17,
00-0027188,1986-05-23,
00-0027201,1988-02-18,13619
00-0027202,1988-01-18,
00-0027214,1986-08-14,13727
00-0027215,1987-02-26,13726
00-0027220,1987-12-24,
00-0027257,1987-05-06,
00-0027261,1987-09-01,
00-0027308,1986-10-25,
00-0027321,1987-05-02,
00-0027322,1986-11-07,13621
00-0027325,1986-12-05,13213
00-0027347,1985-10-01,
00-0027349,1986-06-29,13490
00-0027352,1987-04-30,
00-0027356,1987-09-03,
00-0027358,1986-05-10,13661
00-0027419,1986-12-26,
00-0027429,1988-06-26,
00-0027445,1987-12-17,
00-0027450,1987-02-13,13703
00-0027467,1987-09-18,13748
00-0027470,1987-12-21,
00-0027477,1987-02-20,
00-0027518,1987-12-17,13597
00-0027531,1988-03-22,13587
00-0027581,1987-06-12,
00-0027585,1987-04-23,
00-0027608,1988-07-19,4613202
00-0027651,1988-08-25,13207
00-0027654,1988-09-08,13218
00-0027656,1989-05-14,13229
00-0027659,1987-09-21,13198
00-0027675,1987-07-25,13272
00-0027681,1986-11-04,12576
00-0027685,1987-03-17,13295
00-0027687,1985-12-23,12594
00-0027688,1986-09-05,13199
00-0027690,1987-03-15,13271
00-0027691,1988-01-09,13226
00-0027692,1988-03-08,
00-0027693,1987-10-08,
00-0027695,1987-06-08,13289
00-0027696,1986-11-24,13232
00-0027700,1986-12-02,
00-0027702,1987-05-18,13489
00-0027709,1987-07-27,13363
00-0027712,1988-04-16,13209
00-0027713,1989-11-06,13230
00-0027714,1985-06-29,13231
00-0027725,1987-07-02,13376
00-0027732,1988-07-04,13387
00-0027739,1987-06-08,
00-0027753,1988-10-06,
00-0027754,1988-03-17,13458
00-0027755,1987-03-22,
00-0027758,1987-09-09,13225
00-0027761,1987-03-31,
00-0027769,1986-11-17,
00-0027772,1987-09-24,13212
00-0027775,1987-01-28,
00-0027776,1988-04-06,
00-0027779,1986-11-18,13398
00-0027780,1988-06-27,
00-0027786,1989-07-26,13206
00-0027789,1989-08-31,13227
00-0027791,1986-02-25,13214
00-0027793,1988-07-10,13934
00-0027795,1987-08-27,13367
00-0027796,1986-11-14,13484
00-0027801,1986-03-10,
00-0027804,1987-03-11,
00-0027809,1986-10-09,
00-0027813,1988-08-25,
00-0027816,1987-05-02,
00-0027819,1988-03-31,
00-0027825,1986-12-31,
00-0027854,1987-11-08,13197
00-0027861,1987-08-05,13203
00-0027864,1987-10-10,13204
00-0027873,1988-06-16,13228
00-0027874,1987-12-25,13216
00-0027876,1987-08-14,
00-0027880,1989-01-30,13205
00-0027888,1987-03-28,13211
00-0027891,1988-08-02,13217
00-0027893,1988-05-26,13219
00-0027902,1988-11-04,13215
00-0027912,1988-08-07,13935
00-0024609,1984-01-08,
00-0026699,1986-04-09,
00-0026739,1986-09-28,12587
00-0026799,1987-02-15,
00-0026947,1987-08-22,
00-0027121,1984-10-21,
00-0027259,1987-12-21,13530
00-0027265,1986-11-11,13553
00-0027346,1987-01-23,13642
00-0027412,1984-02-28,
00-0027437,1986-02-02,
00-0027441,1987-05-01,
00-0027500,1987-02-26,
00-0027583,1986-07-24,
00-0027595,1987-11-04,
00-0027666,1987-02-01,13208
00-0027718,1986-08-04,13371
00-0027722,1987-07-25,13397
00-0027764,1986-11-12,
00-0027783,1987-12-28,
00-0027890,1988-08-21,13210
00-0027918,1986-03-10,
00-0027920,1987-09-17,
00-0027939,1989-05-11,13994
00-0027942,1988-07-31,13983
00-0027944,1989-02-08,13982
00-0027946,1988-06-15,13969
00-0027948,1989-10-15,13987
00-0027950,1988-02-25,13966
00-0027964,1989-08-10,13986
00-0027966,1989-12-21,13981
00-0027973,1987-10-29,14012
00-0027974,1987-11-03,14001
00-0027981,1989-11-09,14054
00-0027982,1989-08-21,14034
00-0027985,1988-01-30,14007
00-0027994,1989-03-02,14017
00-0027996,1989-01-26,14032
00-0027997,1989-05-30,14024
00-0028000,1987-10-29,14056
00-0028002,1990-08-22,14053
00-0028007,1988-03-17,14009
00-0028009,1988-02-12,14005
00-0028011,1989-01-27,14028
00-0028016,1988-02-08,14035
00-0028017,1989-01-30,14021
00-0028020,1989-01-25,14027
00-0028021,1989-06-14,14040
00-0028034,1988-06-23,14055
00-0028040,1988-08-07,14189
00-0028042,1988-07-17,14099
00-0028043,1988-12-07,14192
00-0028045,1988-03-17,
00-0028049,1986-06-13,
00-0028050,1988-08-25,14106
00-0028052,1987-12-22,14184
00-0028053,1988-09-16,14159
00-0028057,1987-06-22,14077
00-0028061,1989-09-22,14190
00-0028062,1988-10-04,
00-0028063,1988-07-26,14167
00-0028064,1988-10-27,14129
00-0028067,1988-06-27,14204
00-0028068,1989-09-11,14188
00-0028070,1988-02-20,
00-0028071,1988-02-03,
00-0028074,1988-12-11,14135
00-0028079,1988-09-10,14158
00-0028083,1990-02-06,14193
00-0028086,1988-12-09,14153
00-0028087,1990-09-27,14198
00-0028090,1987-05-28,14114
00-0028091,1988-11-08,14151
00-0028093,1989-08-09,14156
00-0028097,1987-11-21,14215
00-0028105,1989-07-26,
00-0028112,1989-02-13,14145
00-0028115,1987-11-26,14105
00-0028118,1989-08-03,14163
00-0028119,1987-06-07,
00-0028142,1988-08-03,14085
00-0028156,1987-11-16,
00-0028158,1988-05-02,
00-0028159,1988-05-26,14087
00-0028163,1988-08-06,14212
00-0028174,1989-12-11,
00-0028179,1987-09-25,14102
00-0028187,1985-12-19,
00-0028208,1988-01-04,
00-0028242,1987-05-05,
00-0028267,1988-09-29,
00-0028270,1989-01-16,
00-0028288,1988-06-27,
00-0028291,1986-12-25,
00-0028295,1988-07-20,
00-0028352,1988-10-13,
00-0028409,1988-09-03,14255
00-0028417,1987-11-05,
00-0028434,1988-09-21,14221
00-0028442,1986-05-21,
00-0028509,1989-05-27,
00-0028522,1987-12-07,
00-0028550,1987-07-07,
00-0028565,1989-04-30,14358
00-0028574,1987-11-04,
00-0028602,1988-12-14,14587
00-0028613,1988-08-08,14625
00-0028706,1986-05-07,
00-0026577,1986-05-15,
00-0027218,1986-08-04,13536
00-0027253,1987-11-19,
00-0027602,1985-05-22,12475
00-0027606,1986-04-27,
00-0027827,1988-06-19,
00-0027976,1990-04-09,14051
00-0027995,1990-03-30,14052
00-0028012,1988-06-05,14037
00-0028114,1987-09-16,14100
00-0028116,1988-09-24,14164
00-0028121,1990-02-24,14186
00-0028146,1988-05-10,
00-0028170,1987-12-21,14065
00-0028198,1987-07-24,14360
00-0028202,1987-12-07,14518
00-0028238,1987-04-04,
00-0028263,1988-06-16,14403
00-0028307,1989-01-04,
00-0028337,1988-01-19,
00-0028338,1987-09-04,
00-0028345,1989-06-21,
00-0028362,1989-06-01,
00-0028400,1989-09-08,14223
00-0028406,1988-05-08,
00-0028416,1986-09-18,14294
00-0028532,1988-03-23,
00-0028542,1988-02-05,14570
00-0028646,1988-12-11,
00-0028651,1988-03-07,
00-0028736,1988-03-09,14432
00-0028792,1988-03-20,
00-0028825,1989-06-20,14851
00-0028841,1988-11-14,
00-0028842,1985-04-10,
00-0028876,1986-04-03,
00-0028903,1988-05-29,15204
00-0028905,1990-01-06,
00-0028906,1989-04-14,
00-0028930,1989-01-08,
00-0028958,1990-06-17,
00-0028994,1987-08-15,
00-0028995,1991-04-25,14910
00-0029000,1989-04-26,15349
00-0029004,1990-01-25,15369
00-0029051,1989-11-04,
00-0029055,1988-12-21,
00-0029129,1988-02-09,15391
00-0029137,1990-02-14,14912
00-0029140,1988-03-02,14896
00-0029141,1988-12-12,15009
00-0029155,1989-02-09,
00-0029159,1990-02-06,15428
00-0029204,1988-10-11,
00-0029205,1989-02-01,15457
00-0029209,1988-04-09,14919
00-0029218,1989-02-22,
00-0029239,1990-01-26,15478
00-0029251,1991-06-15,14887
00-0029260,1989-10-22,14890
00-0029262,1991-05-07,14911
00-0029263,1988-11-29,14881
00-0029264,1991-05-10,14891
00-0029269,1989-12-29,15062
00-0029271,1989-11-22,14917
00-0029273,1989-12-02,14894
00-0029274,1988-09-02,
00-0029275,1990-05-29,14904
00-0029276,1988-09-21,
00-0029293,1990-03-12,15072
00-0029298,1989-11-18,14897
00-0029315,1989-04-20,
00-0029343,1989-08-18,
00-0029388,1989-02-14,15503
00-0029414,1991-01-27,14902
00-0029415,1990-03-15,14916
00-0029424,1989-07-04,
00-0029429,1991-05-14,15092
00-0029435,1989-11-22,
00-0029441,1989-02-17,15572
00-0029510,1989-12-21,15632
00-0029531,1989-06-22,14883
00-0029547,1990-07-16,14898
00-0029548,1989-03-15,15033
00-0029567,1989-01-20,14877
00-0029572,1989-11-25,14918
00-0029580,1989-10-12,15102
00-0029587,1988-10-03,15003
00-0029588,1989-03-21,15041
00-0029590,1989-10-19,
00-0029604,1988-08-19,14880
00-0029608,1989-11-14,14924
00-0029612,1990-04-12,15111
00-0029613,1989-01-13,14885
00-0029614,1989-12-06,15078
00-0029615,1991-04-25,14886
00-0029626,1989-12-14,14888
00-0029632,1989-08-22,14922
00-0029634,1989-07-14,
00-0029638,1989-11-27,14908
00-0029640,1989-06-05,14914
00-0029642,1988-06-04,
00-0029654,1989-09-08,14947
00-0029660,1989-07-27,14920
00-0029664,1991-04-13,15705
00-0029665,1990-02-12,14875
00-0029668,1989-09-12,14874
00-0029673,1990-03-15,14969
00-0029677,1983-10-14,14878
00-0029682,1990-11-22,14879
00-0029683,1991-09-14,14895
00-0029689,1990-02-24,14901
00-0029697,1988-09-20,14900
00-0029701,1988-07-27,14876
00-0029702,1989-12-12,15044
00-0029707,1990-01-09,14907
00-0029708,1989-11-12,14909
00-0027708,1987-11-02,
00-0028237,1987-10-24,14402
00-0028249,1988-03-16,
00-0028293,1989-08-12,
00-0028595,1987-09-04,
00-0028596,1987-11-22,
00-0028606,1989-02-20,
00-0028838,1988-11-01,
00-0028863,1989-07-17,
00-0028984,1989-02-21,
00-0028986,1988-02-17,15168
00-0029006,1990-02-01,
00-0029033,1990-03-01,
00-0029048,1988-11-12,15296
00-0029098,1991-09-23,
00-0029108,1988-08-12,
00-0029151,1988-09-27,15407
00-0029183,1989-03-30,
00-0029227,1988-10-25,
00-0029311,1988-12-27,
00-0029317,1991-06-01,14892
00-0029336,1988-07-20,15564
00-0029367,1989-06-09,
00-0029384,1987-10-16,
00-0029391,1987-12-03,15515
00-0029432,1990-07-19,
00-0029438,1989-12-16,14889
00-0029494,1988-11-21,
00-0029552,1989-04-06,
00-0029601,1989-05-03,
00-0029667,1988-11-04,14921
00-0029694,1989-11-01,14903
00-0029722,1990-01-08,
00-0029731,1989-02-02,15755
00-0029778,1991-02-22,
00-0029791,1991-02-18,
00-0029795,1990-07-07,16055
00-0029848,1990-11-23,16345
00-0029854,1991-02-10,16040
00-0029856,1990-04-23,
00-0029868,1990-12-02,
00-0029878,1989-11-07,16323
00-0029883,1990-01-16,
00-0029910,1990-04-07,16285
00-0029999,1989-04-18,16418
00-0030000,1988-07-29,16381
00-0030024,1991-02-12,16237
00-0030043,1991-06-18,16159
00-0030047,1992-09-14,16023
00-0030049,1990-06-30,15940
00-0030061,1990-11-10,15835
00-0030068,1990-11-19,15839
00-0030078,1989-10-23,15925
00-0030085,1992-04-22,16016
00-0030089,1990-01-15,16121
00-0030107,1991-05-04,15994
00-0030108,1990-01-11,15887
00-0030128,1988-11-14,15929
00-0030129,1991-01-14,
00-0030175,1991-02-15,
00-0030181,1990-05-05,16504
00-0030216,1990-05-21,16143
00-0030233,1990-09-18,
00-0030236,1990-02-24,
00-0030248,1991-02-21,16496
00-0030274,1990-03-30,
00-0030279,1992-04-27,15818
00-0030280,1991-10-05,15832
00-0030282,1991-06-09,15981
00-0030287,1989-02-03,15893
00-0030300,1990-01-08,16172
00-0030320,1989-05-14,
00-0030348,1989-12-28,16530
00-0030370,1989-08-23,
00-0030388,1991-12-29,16013
00-0030391,1991-04-13,15968
00-0030400,1991-04-22,16581
00-0030414,1991-11-23,16020
00-0030419,1989-12-02,16593
00-0030422,1991-02-18,15974
00-0030431,1992-04-10,15880
00-0030432,1990-11-09,15855
00-0030433,1990-11-01,15952
00-0030443,1991-07-30,15980
00-0030450,1990-08-09,16026
00-0030456,1991-11-22,15826
00-0030460,1991-02-07,15873
00-0030465,1989-04-28,15921
00-0030470,1990-06-13,15853
00-0030472,1990-07-03,15860
00-0030474,1991-05-06,15998
00-0030485,1990-06-02,15848
00-0030496,1992-02-18,15825
00-0030512,1990-11-05,15962
00-0030514,1990-09-08,15923
00-0030516,1990-01-29,15896
00-0030520,1989-12-12,15837
00-0030521,1991-05-20,15845
00-0030522,1990-12-05,15823
00-0030525,1990-03-15,15786
00-0030526,1990-03-19,15803
00-0030532,1990-11-11,15822
00-0030533,1990-09-08,15948
00-0030536,1991-04-09,15996
00-0030540,1991-07-23,15834
00-0030542,1989-09-18,15878
00-0030544,1991-02-03,15836
00-0030547,1990-09-22,15951
00-0030549,1990-09-08,15788
00-0030550,1991-11-11,16022
00-0030564,1992-06-06,15795
00-0030565,1990-10-10,15864
00-0030578,1991-03-17,15807
00-0026691,1987-09-16,
00-0028411,1989-01-31,14269
00-0028497,1989-05-30,14583
00-0028892,1989-10-13,
00-0028957,1989-06-02,15187
00-0028987,1990-01-30,
00-0029104,1990-06-27,15364
00-0029119,1990-07-25,15403
00-0029281,1988-09-23,
00-0029300,1989-10-07,
00-0029319,1989-05-18,15555
00-0029394,1990-05-09,
00-0029401,1989-10-19,
00-0029463,1990-01-10,
00-0029534,1989-06-02,
00-0029738,1986-04-22,15773
00-0029755,1990-04-02,
00-0029793,1987-10-12,
00-0029934,1990-03-11,
00-0030035,1990-08-22,16460
00-0030091,1990-07-14,15911
00-0030095,1990-06-23,
00-0030113,1989-02-27,15885
00-0030116,1990-02-23,
00-0030117,1991-06-09,16024
00-0030147,1990-09-17,16227
00-0030154,1990-02-17,
00-0030155,1991-07-29,16318
00-0030247,1990-11-10,
00-0030288,1990-07-02,15971
00-0030404,1990-10-20,15966
00-0030466,1991-03-10,
00-0030506,1989-10-05,15847
00-0030513,1990-01-18,15920
00-0030586,1990-03-10,
00-0030647,1989-07-12,
00-0030653,1991-02-26,
00-0030656,1993-01-08,17133
00-0030661,1991-09-19,
00-0030668,1991-06-02,17284
00-0030669,1992-07-12,17051
00-0030671,1991-12-08,16972
00-0030705,1992-05-13,17045
00-0030710,1991-10-29,16974
00-0030737,1991-09-07,17205
00-0030780,1991-01-24,17169
00-0030789,1992-08-17,17105
00-0030806,1991-10-13,
00-0030821,1991-11-12,17177
00-0030822,1990-02-12,
00-0030832,1992-03-21,
00-0030839,1990-10-17,
00-0030855,1989-04-27,
00-0030860,1992-02-28,17331
00-0030865,1991-12-19,
00-0030874,1992-04-03,17359
00-0030897,1991-12-29,17279
00-0030985,1991-02-13,
00-0030990,1991-10-14,16779
00-0030992,1991-11-16,16775
00-0030999,1991-04-10,16956
00-0031001,1991-06-24,16960
00-0031008,1992-03-01,17352
00-0031025,1991-01-25,16832
00-0031042,1992-06-26,16792
00-0031044,1992-09-18,16797
00-0031045,1990-09-20,16777
00-0031051,1990-04-03,16804
00-0031053,1992-09-30,16928
00-0031055,1992-08-28,16889
00-0031057,1992-10-30,16942
00-0031060,1993-01-05,16945
00-0031062,1992-02-03,16913
00-0031064,1990-04-26,16943
00-0031066,1991-12-23,16950
00-0031068,1990-12-19,16845
00-0031075,1991-04-27,16921
00-0031085,1992-08-21,16875
00-0031118,1991-12-16,17399
00-0031123,1993-04-17,17397
00-0031187,1992-06-02,16903
00-0031209,1991-09-19,17421
00-0031228,1991-02-17,17437
00-0031235,1992-11-05,16733
00-0031236,1993-09-25,16731
00-0031237,1992-11-10,16728
00-0031243,1992-07-10,16884
00-0031257,1992-04-13,16781
00-0031260,1991-07-01,16813
00-0031266,1991-07-16,16814
00-0031273,1991-07-03,17453
00-0031277,1991-05-07,17452
00-0031280,1991-03-28,16757
00-0031285,1992-03-15,16944
00-0031291,1991-12-31,16922
00-0031299,1992-07-16,16763
00-0031301,1992-10-20,16803
00-0031302,1991-10-22,16766
00-0031310,1991-03-30,16815
00-0031325,1993-06-14,16725
00-0031326,1991-08-22,16946
00-0031327,1989-09-23,
00-0031332,1990-05-04,17465
00-0031339,1993-08-06,16791
00-0031344,1992-10-10,16793
00-0031345,1991-11-02,16760
00-0031359,1991-02-05,16730
00-0031373,1991-12-20,16886
00-0031375,1991-01-28,16783
00-0031376,1992-05-03,16782
00-0031381,1992-12-24,16800
00-0031382,1992-11-28,16790
00-0031384,1992-01-22,16786
00-0031387,1993-04-10,16732
00-0031390,1990-09-19,16749
00-0031391,1993-08-06,16784
00-0031392,1991-08-09,16755
00-0031407,1992-04-28,16724
00-0031408,1993-08-21,16737
00-0031409,1992-12-06,16736
00-0031413,1992-09-15,16794
00-0031418,1992-09-29,16795
00-0031428,1993-08-24,16799
00-0031431,1991-11-25,16787
00-0031450,1991-01-22,
00-0028702,1989-10-06,
00-0029234,1988-07-05,
00-0029623,1987-11-11,15693
00-0030039,1990-11-04,
00-0030110,1990-09-08,
00-0030120,1989-10-24,
00-0030162,1991-07-01,
00-0030187,1990-02-02,16566
00-0030272,1989-08-25,
00-0030524,1989-04-04,15904
00-0030569,1990-04-28,
00-0030659,1992-01-18,
00-0030663,1992-10-17,17258
00-0030670,1991-06-10,16995
00-0030691,1991-04-22,17122
00-0030758,1991-01-05,
00-0030801,1992-06-22,17127
00-0030807,1992-08-09,17191
00-0030856,1990-10-18,
00-0030920,1991-06-29,
00-0031021,1990-12-17,16836
00-0031023,1992-05-31,16899
00-0031166,1991-02-22,17402
00-0031167,1992-04-13,17391
00-0031189,1992-07-19,16880
00-0031288,1990-09-13,16810
00-0031315,1992-01-23,16870
00-0031320,1991-12-21,
00-0031459,1989-04-29,
00-0031462,1991-05-25,2476373
00-0031493,1988-02-15,3423412
00-0031503,1994-01-06,2969939
00-0031511,1991-10-16,2515962
00-0031526,1993-09-24,
00-0031531,1992-12-11,2972282
00-0031544,1994-06-17,2976499
00-0031547,1993-01-20,2576623
00-0031549,1993-05-24,2971618
00-0031558,1994-04-12,2970726
00-0031560,1994-01-25,3043263
00-0031569,1991-12-06,2515416
00-0031570,1991-12-18,2518678
00-0031577,1991-08-27,2577253
00-0031585,1992-03-24,2508256
00-0031588,1993-11-29,2976212
00-0031590,1993-06-15,2573300
00-0031598,1993-02-17,2574591
00-0031599,1990-06-23,3043097
00-0031600,1992-06-05,2515420
00-0031610,1992-09-13,2576925
00-0031611,1992-08-24,2577419
00-0031665,1991-09-13,2521161
00-0031682,1992-02-15,2577023
00-0031731,1991-12-19,2515934
00-0031743,1993-02-22,2576408
00-0031744,1992-09-21,2576179
00-0031757,1992-06-02,3052735
00-0031768,1993-03-16,2577283
00-0031806,1993-05-15,2570986
00-0031816,1992-01-12,
00-0031818,1992-12-14,2577645
00-0031826,1992-02-16,
00-0031830,1992-11-09,
00-0031854,1993-12-07,2978196
00-0031897,1993-08-03,2576237
00-0031900,1992-01-10,2512197
00-0031912,1992-09-21,2520698
00-0031922,1992-01-16,3144062
00-0031932,1993-09-15,
00-0031934,1992-03-03,2576395
00-0031939,1993-03-07,2980105
00-0031941,1993-06-17,2576716
00-0031951,1992-01-14,2508079
00-0031953,1992-01-10,2513030
00-0031959,1991-10-03,2514123
00-0031962,1992-02-25,3052686
00-0031968,1991-08-28,3039924
00-0031972,1992-06-28,2577808
00-0032001,1992-04-10,
00-0032004,1991-11-04,2512523
00-0032008,1993-08-20,3894952
00-0032009,1993-06-24,2576491
00-0032045,1991-10-13,
00-0032055,1994-05-21,2977609
00-0032058,1993-04-16,2979477
00-0032062,1991-08-07,2514206
00-0032063,1993-02-19,3025433
00-0032068,1992-08-11,2516316
00-0032089,1992-05-30,2508328
00-0032098,1992-05-26,2519013
00-0032104,1993-06-13,2576336
00-0032112,1992-04-24,2515759
00-0032115,1992-01-02,2516957
00-0032117,1992-08-31,2576804
00-0032123,1992-12-01,2566041
00-0032128,1992-10-25,2578533
00-0032133,1993-06-03,2576303
00-0032134,1993-01-14,2574576
00-0032135,1994-06-04,2979590
00-0032141,1993-09-16,3046704
00-0032144,1993-04-13,2576434
00-0032152,1993-05-04,2576817
00-0032156,1991-12-26,2511109
00-0032160,1992-02-12,2587819
00-0032166,1993-03-31,2574549
00-0032170,1992-09-23,2576785
00-0032187,1991-12-16,2508176
00-0032188,1991-06-12,3052066
00-0032200,1993-01-22,2577134
00-0032208,1993-01-05,2579604
00-0032209,1993-10-02,2976516
00-0032211,1992-09-28,2577327
00-0032214,1992-10-15,2582410
00-0032218,1993-04-12,2971433
00-0032241,1994-08-03,2977644
00-0032245,1992-04-25,2517017
00-0032250,1992-12-05,2578394
00-0032256,1991-10-01,2512593
00-0032257,1993-09-23,2969962
00-0032268,1993-10-30,2576980
00-0028795,1987-10-22,
00-0029740,1989-10-23,
00-0030290,1990-11-13,15983
00-0030805,1992-06-15,17165
00-0030854,1992-05-08,17091
00-0031035,1992-09-22,17348
00-0031076,1990-10-04,16821
00-0031102,1993-01-10,16969
00-0031158,1992-11-29,17396
00-0031268,1991-11-23,
00-0031484,1992-04-10,2531358
00-0031514,1993-04-28,2574545
00-0031533,1992-05-16,
00-0031545,1992-06-25,3042435
00-0031568,1991-05-31,2466005
00-0031589,1993-06-15,2577189
00-0031609,1991-09-20,3046413
00-0031684,1992-11-15,2578322
00-0031687,1992-04-09,2576414
00-0031697,1992-02-18,2515662
00-0031732,1992-04-12,
00-0031746,1993-07-04,
00-0031782,1992-12-23,2576643
00-0031788,1990-12-27,2470916
00-0031793,1993-08-22,2581598
00-0031868,1993-01-27,2577667
00-0032012,1991-03-07,
00-0032048,1991-09-24,2512191
00-0032054,1993-09-10,2972460
00-0032064,1991-12-03,3055912
00-0032070,1992-12-05,
00-0032120,1992-01-14,2513770
00-0032139,1993-04-09,2579846
00-0032190,1991-08-26,
00-0032227,1992-11-24,2576389
00-0032298,1993-01-02,
00-0032319,1993-01-09,3936647
00-0032355,1994-01-12,2983209
00-0032362,1992-11-11,2576868
00-0032365,1994-07-07,
00-0032371,1992-10-03,2575408
00-0032377,1993-05-23,2576165
00-0032385,1993-02-10,2976592
00-0032392,1994-10-29,3043275
00-0032393,1994-05-20,2980148
00-0032394,1993-03-06,2576399
00-0032398,1993-06-16,2576581
00-0032400,1992-07-20,
00-0032404,1993-10-07,2573974
00-0032411,1994-01-21,2971888
00-0032417,1994-11-16,2971589
00-0032423,1993-07-04,2573343
00-0032426,1994-08-26,3046409
00-0032429,1992-12-31,2978727
00-0032430,1993-05-19,2582138
00-0032441,1993-12-23,2979533
00-0032450,1994-04-24,3002265
00-0032462,1993-08-22,
00-0032464,1994-08-08,2973405
00-0032475,1993-01-26,2577684
00-0032482,1993-10-12,2971271
00-0032508,1992-11-23,2567213
00-0032515,1994-01-30,
00-0032523,1992-06-12,3144999
00-0032543,1992-11-06,2977800
00-0032562,1993-11-30,2982151
00-0032577,1993-11-22,2978124
00-0032593,1993-07-22,2577692
00-0032599,1993-08-05,2578377
00-0032602,1993-08-15,2572861
00-0032626,1994-01-18,3115913
00-0032636,1993-09-07,
00-0032659,1993-11-27,3125745
00-0032661,1994-02-07,2969241
00-0032679,1992-11-15,
00-0032688,1993-05-09,2574808
00-0032694,1995-07-21,
00-0032724,1994-04-30,
00-0032725,1993-01-30,2576854
00-0032739,1990-09-18,
00-0032741,1994-02-27,3051902
00-0032745,1993-07-02,2586700
00-0032760,1992-12-03,2576019
00-0032764,1994-01-04,3043078
00-0032765,1993-03-03,2976316
00-0032778,1994-12-23,2982828
00-0032780,1994-11-02,3060022
00-0032782,1994-01-20,3042429
00-0032784,1992-10-20,2577128
00-0032791,1992-10-30,2577641
00-0032795,1994-04-17,2980378
00-0032801,1993-09-28,
00-0032804,1992-10-09,2576873
00-0032841,1993-05-10,
00-0032844,1993-11-01,
00-0032864,1993-02-10,2577731
00-0032881,1992-10-24,2574918
00-0032893,1993-01-29,2576261
00-0032902,1993-03-07,2575553
00-0032935,1991-08-22,3056906
00-0032940,1993-02-22,2577654
00-0032950,1992-12-30,2573079
00-0032951,1995-06-14,3051889
00-0032959,1992-10-16,2576498
00-0032964,1994-02-13,2971289
00-0032966,1994-07-06,2978929
00-0032972,1992-05-27,3122866
00-0032974,1993-09-01,
00-0032975,1994-02-02,2980077
00-0032977,1994-10-07,3042910
00-0033009,1994-11-15,3045144
00-0033025,1993-10-15,2972091
00-0033040,1994-03-01,3116406
00-0033045,1995-07-22,3051392
00-0033060,1994-01-24,2982804
00-0033069,1992-11-30,2570987
00-0033077,1993-07-29,2577417
00-0033079,1994-03-23,2971023
00-0033080,1993-01-29,2566659
00-0033090,1994-12-07,3046439
00-0033098,1992-09-29,2976299
00-0033104,1993-05-11,2577243
00-0033106,1994-10-14,3046779
00-0033108,1994-02-12,2977881
00-0033110,1993-01-01,2573401
00-0033111,1995-03-07,3048897
00-0033114,1994-08-16,3123986
00-0033118,1994-01-26,2979843
00-0033119,1992-12-11,2578570
00-0033127,1994-04-16,3052876
00-0033164,1993-11-29,2983319
00-0030151,1991-12-27,16252
00-0030711,1992-01-28,16994
00-0030743,1991-12-31,17032
00-0031690,1992-04-22,2511973
00-0031800,1993-03-15,2565969
00-0031801,1991-10-31,2511952
00-0031834,1992-02-25,
00-0031884,1991-03-29,2468368
00-0032431,1993-01-21,2582424
00-0032630,1993-06-04,3078660
00-0032650,1993-07-22,
00-0032656,1994-03-15,
00-0032705,1993-06-19,
00-0032775,1994-09-21,3043116
00-0032792,1993-10-07,2979501
00-0032813,1993-08-17,2575965
00-0032839,1994-04-25,3125354
00-0032926,1993-08-06,2577664
00-0032937,1994-05-17,2969896
00-0032980,1994-08-05,2971718
00-0033006,1994-04-21,2978308
00-0033043,1993-09-03,
00-0033087,1994-08-05,
00-0033094,1993-04-10,2578369
00-0033095,1994-03-04,2987440
00-0033258,1994-11-22,3052166
00-0033266,1994-02-01,2971830
00-0033280,1996-06-07,3117251
00-0033282,1996-08-11,3121427
00-0033288,1993-10-09,3040151
00-0033292,1994-04-30,3040569
00-0033293,1994-12-02,3042519
00-0033295,1994-06-01,3042494
00-0033304,1994-05-26,3918026
00-0033307,1995-08-04,3045523
00-0033308,1995-02-28,3049916
00-0033315,1994-06-11,2968204
00-0033338,1995-09-05,3040470
00-0033352,1995-10-26,
00-0033384,1995-06-04,
00-0033387,1993-11-18,3125404
00-0033413,1994-11-08,
00-0033421,1993-05-28,4081127
00-0033434,1995-01-25,3045380
00-0033449,1994-06-22,3894883
00-0033460,1995-11-27,3052177
00-0033464,1993-12-20,2977631
00-0033466,1995-04-09,3128724
00-0033514,1994-12-09,
00-0033526,1995-09-16,3116389
00-0033528,1994-08-10,2980073
00-0033536,1994-10-04,3045138
00-0033537,1995-09-14,3122840
00-0033553,1995-05-05,3045147
00-0033555,1993-09-16,2991662
00-0033556,1995-07-26,3066158
00-0033559,1994-05-07,3059945
00-0033562,1994-11-04,3039725
00-0033567,1995-11-09,3125403
00-0033572,1995-04-03,3061612
00-0033573,1995-03-20,3042417
00-0033581,1992-11-24,2968226
00-0033591,1996-01-06,3121409
00-0033594,1994-09-16,3919596
00-0033596,1994-09-03,3051711
00-0033611,1995-03-15,3051806
00-0033633,1994-12-18,3043841
00-0033662,1993-11-21,2972515
00-0033681,1993-04-20,3071572
00-0033699,1995-05-17,3068267
00-0033717,1995-09-15,3122935
00-0033725,1994-11-02,3045260
00-0033748,1993-12-14,
00-0033760,1995-11-11,3043216
00-0033838,1994-12-30,2970090
00-0033839,1993-11-21,3892889
00-0033840,1995-01-18,3066074
00-0033855,1994-05-09,3054970
00-0033856,1995-01-18,3115364
00-0033857,1996-11-22,3120348
00-0033858,1995-08-22,3054212
00-0033859,1996-03-21,3115330
00-0033869,1994-08-20,3039707
00-0033871,1995-01-11,3042778
00-0033873,1995-09-17,3139477
00-0033879,1994-11-18,3043080
00-0033881,1994-09-02,3051876
00-0033885,1996-07-10,3123076
00-0033891,1995-03-30,3059722
00-0033893,1995-08-10,3116593
00-0033895,1994-06-25,3918639
00-0033896,1994-10-24,4198676
00-0033897,1996-07-24,3116385
00-0033899,1996-01-03,3129302
00-0033906,1995-07-25,3054850
00-0033908,1993-06-15,2977187
00-0033911,1995-03-02,3059760
00-0033916,1993-12-08,3054860
00-0033921,1996-02-27,3116165
00-0033923,1995-08-06,3059915
00-0033925,1996-04-24,3125116
00-0033932,1993-11-03,2974858
00-0033933,1994-10-19,3066052
00-0033936,1993-11-16,2979520
00-0033937,1994-02-01,2977629
00-0033943,1995-02-16,3115306
00-0033948,1995-04-03,2980453
00-0033950,1994-10-01,3045127
00-0033951,1996-03-07,3139605
00-0033958,1994-05-04,2972236
00-0033968,1994-05-13,3051923
00-0029091,1989-06-06,
00-0031395,1991-07-01,16809
00-0031763,1993-04-10,2580216
00-0031787,1992-02-17,3085107
00-0032436,1993-04-23,2574630
00-0032634,1994-02-04,
00-0032707,1994-06-28,2982761
00-0033049,1993-12-01,2980197
00-0033054,1994-01-07,2990959
00-0033217,1993-09-19,2998565
00-0033246,1994-11-23,3052096
00-0033251,1994-12-18,2978109
00-0033296,1994-05-17,4212884
00-0033306,1995-04-04,3056476
00-0033319,1995-03-21,3059989
00-0033357,1990-08-23,2468609
00-0033373,1993-10-21,3048680
00-0033375,1993-11-23,3134353
00-0033379,1994-07-15,3915403
00-0033382,1993-12-25,2974339
00-0033441,1994-09-11,2980061
00-0033455,1995-02-19,3049698
00-0033471,1996-02-09,3124069
00-0033474,1993-02-24,2980460
00-0033481,1995-08-14,3046399
00-0033564,1995-07-11,3045225
00-0033576,1994-05-09,2975863
00-0033589,1995-01-15,4212909
00-0033597,1994-03-26,2977665
00-0033627,1994-02-28,2972240
00-0033658,1994-07-16,2991767
00-0033696,1993-06-11,2971426
00-0033742,1994-11-14,3046705
00-0033757,1994-04-30,2975674
00-0033773,1993-06-16,2988624
00-0033789,1994-09-03,3039723
00-0033949,1995-01-26,3044720
00-0033953,1995-01-31,3045118
00-0033955,1995-12-26,3127586
00-0034011,1995-03-15,4212989
00-0034052,1993-03-25,4294520
00-0034054,1994-11-01,3052056
00-0034073,1995-01-26,3120303
00-0034101,1995-03-26,
00-0034109,1994-07-24,3052117
00-0034115,1995-11-16,3122976
00-0034159,1996-07-08,3127292
00-0034164,1994-07-23,4261020
00-0034184,1995-04-13,3051926
00-0034201,1995-08-23,3928461
00-0034208,1995-07-30,3139033
00-0034221,1995-09-02,3121583
00-0034253,1995-02-26,3126246
00-0034258,1994-10-17,3040137
00-0034268,1995-05-23,3051857
00-0034270,1995-07-30,3915486
00-0034272,1994-10-10,3051738
00-0034273,1995-04-16,3895857
00-0034279,1996-09-30,3932442
00-0034286,1995-09-05,3122899
00-0034301,1995-04-15,3115375
00-0034309,1994-06-01,3047968
00-0034317,1994-12-26,3046401
00-0034331,1996-07-20,3116721
00-0034339,1995-12-07,3115365
00-0034343,1997-02-10,3886377
00-0034348,1995-10-10,3128429
00-0034349,1997-06-30,3916925
00-0034351,1995-01-03,3121023
00-0034353,1994-10-09,3050487
00-0034364,1992-04-19,3128452
00-0034365,1996-06-06,4045305
00-0034366,1997-01-14,3915823
00-0034367,1996-11-12,3916430
00-0034369,1995-03-17,3049872
00-0034370,1995-03-10,3057987
00-0034378,1995-09-11,3123969
00-0034383,1996-07-11,3117256
00-0034386,1996-04-04,3118892
00-0034400,1994-07-18,3051891
00-0034407,1996-10-15,3728262
00-0034411,1996-01-22,3115378
00-0034420,1996-08-02,4035379
00-0034426,1994-09-11,4035019
00-0034427,1994-06-17,3048924
00-0034440,1996-04-22,3116136
00-0034457,1996-10-29,3932420
00-0034487,1996-02-26,3122168
00-0034489,1995-12-30,4329491
00-0034499,1995-04-06,3066147
00-0034509,1994-04-18,3052662
00-0034510,1994-05-07,3054845
00-0034512,1995-12-16,3124079
00-0034521,1995-12-11,3128390
00-0034532,1996-02-01,3128439
00-0034560,1992-12-06,
00-0034565,1994-03-06,3117131
00-0034577,1996-03-08,3115293
00-0034593,1996-01-28,3122430
00-0034621,1995-12-02,3116563
00-0034631,1996-06-09,3155188
00-0034646,1995-09-12,3115255
00-0034652,1995-12-20,3139456
00-0034653,1997-10-04,3932935
00-0034676,1996-04-02,3122449
00-0034681,1996-04-13,3119195
00-0034686,1997-02-03,3921564
00-0034710,1995-03-19,3051650
00-0034747,1994-09-16,3046320
00-0034750,1996-02-02,3139925
00-0034753,1995-09-06,3116365
00-0034764,1996-03-04,4036348
00-0034765,1996-01-07,3128451
00-0034766,1996-02-23,3123050
00-0034772,1997-01-09,3915097
00-0034775,1996-11-18,3895856
00-0034777,1996-09-23,3115394
00-0034791,1995-12-27,3128720
00-0034796,1997-01-07,3916387
00-0034798,1995-08-09,3052897
00-0034799,1995-12-22,3128774
00-0034808,1996-10-04,3915381
00-0034816,1997-08-03,3912550
00-0034827,1997-04-14,3915416
00-0034829,1995-10-03,3116164
00-0034830,1993-08-24,3924365
00-0034837,1994-12-20,3925357
00-0034838,1996-02-24,3122672
00-0034844,1997-02-09,3929630
00-0034845,1995-02-17,3128721
00-0034854,1994-01-03,3047876
00-0034855,1995-04-14,3052587
00-0034857,1996-05-21,3918298
00-0034860,1995-10-23,3127306
00-0034867,1996-01-30,3115928
00-0034869,1997-06-05,3912547
00-0029857,1989-11-17,16140
00-0031319,1992-03-19,17463
00-0032434,1992-09-05,2574511
00-0032540,1992-10-24,2972283
00-0032728,1992-12-26,2586703
00-0032945,1993-05-13,3115315
00-0032986,1993-08-28,2970262
00-0033215,1993-12-05,4217370
00-0033367,1993-12-12,2973626
00-0033386,1993-11-18,3115443
00-0033439,1994-05-04,2971281
00-0033530,1995-04-02,3042373
00-0033604,1995-05-12,4198679
00-0033705,1994-05-28,3047504
00-0033733,1995-07-12,3040035
00-0033854,1994-05-04,2983509
00-0033994,1993-12-01,2971397
00-0034034,1995-09-14,3049329
00-0034081,1994-05-02,3043225
00-0034104,1996-01-06,3115314
00-0034132,1996-06-08,3126002
00-0034177,1994-10-03,3045169
00-0034256,1995-08-08,3056577
00-0034267,1995-02-23,4040792
00-0034297,1993-11-17,4036416
00-0034319,1995-03-06,3059766
00-0034358,1997-06-21,3843750
00-0034393,1995-02-17,3045264
00-0034406,1996-08-09,3728254
00-0034412,1994-12-28,3052061
00-0034414,1995-04-27,3051439
00-0034418,1995-11-20,4036335
00-0034419,1995-10-06,3123075
00-0034432,1996-09-29,3126367
00-0034439,1995-12-21,3122920
00-0034449,1996-03-27,3122716
00-0034578,1996-01-04,3116642
00-0034597,1995-12-27,3127335
00-0034613,1994-11-12,3050481
00-0034654,1994-12-26,3052449
00-0034660,1996-05-23,4048717
00-0034705,1994-09-21,
00-0034735,1992-12-13,3951441
00-0034771,1995-07-17,3116407
00-0034788,1995-10-10,3118954
00-0034922,1995-08-23,3039968
00-0034928,1997-03-31,3917960
00-0034960,1996-11-09,3916433
00-0034970,1998-08-09,4040980
00-0034972,1998-06-19,4048244
00-0034975,1997-11-14,4038441
00-0034981,1997-05-06,3843945
00-0034983,1995-12-21,3135321
00-0034988,1997-04-24,4044452
00-0034995,1997-01-06,3932449
00-0035006,1997-03-17,3917067
00-0035013,1995-11-14,3122799
00-0035021,1997-05-15,4061956
00-0035025,1996-08-19,3925348
00-0035039,1996-12-12,3948283
00-0035040,1995-07-31,3116188
00-0035104,1996-11-24,4249496
00-0035120,1996-03-21,3120980
00-0035140,1998-03-12,4035004
00-0035146,1995-08-23,3116172
00-0035148,1997-02-12,4361606
00-0035181,1995-11-01,3120588
00-0035184,1996-10-02,3699935
00-0035208,1997-07-23,3917914
00-0035215,1997-12-04,4411193
00-0035216,1996-07-05,3932905
00-0035217,1998-02-27,4035072
00-0035222,1996-09-10,3929924
00-0035228,1997-08-07,3917315
00-0035229,1997-07-03,4036133
00-0035232,1997-05-03,4040616
00-0035243,1997-05-01,4045163
00-0035246,1996-12-31,3931397
00-0035249,1997-03-21,3921690
00-0035250,1997-09-03,4040761
00-0035251,1995-04-03,3115252
00-0035259,1995-09-12,4039253
00-0035261,1997-04-30,3916148
00-0035264,1996-08-08,3892775
00-0035268,1996-10-30,3923397
00-0035273,1996-09-08,3123944
00-0035275,1995-07-08,3915115
00-0035287,1996-10-09,3124537
00-0035289,1996-05-16,4038524
00-0035297,1996-12-15,4036163
00-0035298,1997-07-31,3914397
00-0035308,1995-07-01,3122818
00-0035311,1997-02-15,3886818
00-0035342,1995-08-17,3127211
00-0035350,1997-03-27,3915399
00-0035374,1996-10-29,3915296
00-0035399,1996-09-07,3699902
00-0035401,1997-06-20,4241723
00-0035406,1998-04-19,4039057
00-0035414,1997-06-07,3932430
00-0035432,1995-06-23,4069806
00-0035489,1995-06-05,3060919
00-0035510,1997-04-21,3929118
00-0035527,1996-11-18,3914328
00-0035535,1997-01-12,3916945
00-0035537,1997-09-17,3915411
00-0035539,1997-05-21,4035014
00-0035548,1996-08-24,3138760
00-0035551,1994-12-06,3886841
00-0035553,1996-08-05,3126263
00-0035562,1997-02-27,3940587
00-0035577,1996-04-12,3127051
00-0035590,1996-07-21,4035015
00-0035592,1995-09-13,3139522
00-0035594,1998-08-07,4037457
00-0035596,1996-10-31,3919104
00-0035597,1994-01-17,3933064
00-0035624,1997-12-17,4047839
00-0035628,1996-02-27,3139602
00-0035631,1996-04-16,3127310
00-0035639,1997-07-16,3121410
00-0035640,1997-12-14,4047650
00-0035644,1997-11-20,4036131
00-0035645,1996-11-26,4424106
00-0035652,1994-12-26,3042876
00-0035657,1997-02-11,3925347
00-0035659,1995-09-15,3121422
00-0035662,1997-06-04,4241372
00-0035664,1997-08-19,4039359
00-0035671,1996-06-26,3917962
00-0035676,1997-06-30,4047646
00-0035685,1997-06-07,4035538
00-0035689,1996-11-14,3930086
00-0035700,1998-02-11,4047365
00-0035703,1996-10-12,3932423
00-0035704,1996-11-10,3924327
00-0035710,1997-05-27,3917792
00-0035719,1996-01-15,3126486
00-0033112,1993-07-30,2580330
00-0033275,1995-02-26,3051308
00-0033720,1993-12-15,2980120
00-0033798,1993-11-04,2972331
00-0034169,1994-12-09,3051387
00-0034192,1995-05-02,4329472
00-0034193,1995-04-26,3049290
00-0034207,1994-08-02,3053760
00-0034395,1995-12-22,3120659
00-0034438,1995-01-27,3042749
00-0034899,1995-10-16,3124092
00-0034955,1996-07-09,3722362
00-0035022,1996-07-05,3917546
00-0035102,1997-04-30,4411192
00-0035161,1996-04-25,3118906
00-0035187,1996-08-17,3123857
00-0035282,1995-09-09,3120590
00-0035291,1997-10-18,4035222
00-0035313,1996-10-23,3915174
00-0035329,1997-08-16,3912092
00-0035341,1995-12-10,3931391
00-0035457,1996-01-08,3894912
00-0035480,1995-12-21,4408988
00-0035529,1996-05-16,3917940
00-0035567,1996-06-15,4421446
00-0035660,1997-03-23,3933327
00-0035752,1995-01-06,3040206
00-0035806,1996-09-12,3928925
00-0035823,1996-09-01,3930900
00-0035831,1998-08-09,4052042
00-0035848,1998-07-12,4374496
00-0035860,1997-11-24,4046676
00-0035864,1997-02-19,3700815
00-0035869,1997-08-31,4040623
00-0035912,1996-11-28,3916721
00-0035924,1997-09-30,4039274
00-0035957,1996-02-28,
00-0035993,1998-02-03,4035671
00-0036000,1998-01-02,4042112
00-0036005,1997-07-06,3930298
00-0036008,1998-08-20,4243318
00-0036020,1998-12-29,4243315
00-0036040,1996-09-13,3929645
00-0036069,1997-10-06,4362878
00-0036096,1998-01-04,4039607
00-0036100,1997-04-15,3916129
00-0036110,1996-12-11,3917569
00-0036133,1996-09-20,3916204
00-0036139,1998-06-14,4038815
00-0036142,1997-01-13,4044121
00-0036145,1997-08-20,3917849
00-0036158,1998-12-17,4241985
00-0036182,1997-03-21,3929785
00-0036188,1997-10-22,4040629
00-0036194,1997-08-14,4046522
00-0036196,1999-03-01,4243537
00-0036208,1996-05-17,4042808
00-0036212,1998-03-02,4241479
00-0036219,1998-03-27,4035170
00-0036223,1999-01-19,4242335
00-0036225,1999-04-14,4240861
00-0036232,1998-04-23,4040774
00-0036233,1999-02-19,4258195
00-0036244,1999-01-07,4242557
00-0036245,1997-04-19,4039436
00-0036247,1998-08-04,4034950
00-0036250,1997-04-02,3914240
00-0036251,1997-12-15,4035676
00-0036252,1997-10-05,4035687
00-0036254,1997-09-23,4039043
00-0036255,1997-10-10,4035403
00-0036261,1998-03-17,4360438
00-0036265,1998-05-02,4239934
00-0036268,1998-10-05,4243160
00-0036269,1998-01-30,4034952
00-0036271,1998-06-09,4050373
00-0036275,1999-01-14,4259545
00-0036277,1998-04-01,4035793
00-0036278,1998-04-20,4040790
00-0036290,1999-03-10,4258595
00-0036297,1998-07-09,4036431
00-0036309,1997-10-29,4040655
00-0036312,1996-04-11,3124900
00-0036322,1999-06-16,4262921
00-0036326,1998-07-07,4046692
00-0036328,1998-06-23,4360294
00-0036331,1997-09-12,4039050
00-0036332,1997-02-14,3914151
00-0036336,1998-03-04,4241941
00-0036340,1998-04-11,4029893
00-0036355,1998-03-10,4038941
00-0036357,1999-01-24,4241475
00-0036358,1999-04-08,4241389
00-0036360,1999-04-11,4242214
00-0036364,1997-10-14,4259979
00-0036365,1998-11-13,4038818
00-0036370,1997-11-20,3910544
00-0036377,1998-01-04,4037591
00-0036382,1997-09-15,3915522
00-0036384,1996-11-24,3895785
00-0036387,1999-01-02,4241802
00-0036389,1998-08-07,4040715
00-0036398,1996-05-31,4373673
00-0036407,1999-04-24,4241463
00-0036410,1999-01-18,4239993
00-0036412,1999-07-08,4240380
00-0036414,1999-06-22,4240021
00-0036415,1996-07-26,3930066
00-0036422,1997-02-05,3911853
00-0036423,1998-04-25,4035115
00-0036425,1998-09-16,4240631
00-0036427,1998-08-25,2310331
00-0036429,1997-10-16,4035020
00-0036433,1996-12-15,3791110
00-0036439,1997-09-20,4034964
00-0036442,1996-12-10,3915511
00-0036450,1997-05-04,3917612
00-0036456,1997-06-03,4036129
00-0033550,1995-01-22,3052600
00-0033957,1994-09-15,3059918
00-0034131,1995-07-17,3040535
00-0034401,1995-03-25,3051381
00-0034614,1994-09-10,3045238
00-0034672,1995-11-07,3115360
00-0034930,1997-01-16,4422214
00-0035045,1996-11-17,4249030
00-0035101,1996-10-23,3933568
00-0035126,1997-10-22,4043161
00-0035345,1995-10-06,3138744
00-0035356,1997-11-07,3916564
00-0035359,1995-05-29,3871102
00-0035428,1995-04-20,3115359
00-0035448,1997-12-22,4035102
00-0035500,1998-05-29,4037235
00-0035544,1996-07-29,3126997
00-0035547,1995-12-07,4408854
00-0035572,1995-05-26,3144991
00-0035593,1996-09-04,3128317
00-0035602,1996-05-29,3919510
00-0035603,1995-11-10,3122103
00-0035715,1994-12-13,3925346
00-0035760,1997-01-07,3693033
00-0035771,1996-11-07,3923392
00-0035835,1996-08-02,3917812
00-0035844,1997-01-05,3915145
00-0035883,1998-01-01,4036055
00-0035891,1998-11-28,4241983
00-0035898,1997-05-15,4040640
00-0035956,1996-10-16,3916749
00-0035973,1998-04-29,4039358
00-0036032,1997-12-28,4036275
00-0036080,1996-12-17,4245174
00-0036173,1997-02-22,3675550
00-0036183,1997-01-10,3910176
00-0036197,1998-07-30,4240689
00-0036226,1997-11-17,4035003
00-0036228,1998-08-06,4054085
00-0036259,1997-07-10,3886598
00-0036264,1998-11-02,4036378
00-0036308,1998-09-18,4248504
00-0036345,1997-06-10,3916566
00-0036383,1999-04-13,4242873
00-0036424,1997-03-27,3918003
00-0036438,1996-11-28,4035426
00-0036457,1996-09-04,3895827
00-0036482,1997-08-13,4589245
00-0036491,1998-02-10,4258170
00-0036493,1999-02-18,4240455
00-0036510,1998-10-30,4044144
00-0036523,1996-11-07,
00-0036534,1996-11-16,4608362
00-0036550,1999-11-29,4360939
00-0036554,1999-03-19,4258173
00-0036555,1999-06-11,4241416
00-0036556,2000-07-16,4362504
00-0036567,1998-05-02,4241555
00-0036569,1998-02-28,4245645
00-0036572,1998-10-26,4259499
00-0036582,1999-04-09,4820592
00-0036613,1998-11-25,4372016
00-0036620,1997-03-23,4043016
00-0036626,1999-11-01,4361577
00-0036627,1997-12-17,4036026
00-0036628,1997-11-06,4048228
00-0036630,1999-05-13,4241424
00-0036635,1999-08-29,4240573
00-0036637,1999-04-30,4240472
00-0036650,1999-02-13,4241205
00-0036652,1999-06-14,4242231
00-0036654,1998-07-16,4035826
00-0036657,2000-04-10,4371974
00-0036669,1998-08-18,4259805
00-0036670,2000-04-15,4374033
00-0036671,1999-06-23,4373642
00-0036698,1997-10-08,4379504
00-0036741,1998-01-28,4034862
00-0036754,1998-11-27,4242392
00-0036755,1999-12-23,4362452
00-0036768,1997-12-31,
00-0036825,1997-12-22,4034948
00-0036842,1998-02-09,4035537
00-0036857,1997-10-05,4046530
00-0036860,1998-01-11,4036224
00-0036862,1997-06-27,4035656
00-0036875,1998-02-23,4569173
00-0036876,1998-03-27,4039160
00-0036877,1999-01-14,4243830
00-0036879,1998-09-30,4241820
00-0036887,1997-10-14,4040612
00-0036893,1998-03-09,4241457
00-0036894,1998-10-25,4361411
00-0036898,1998-10-21,4242546
00-0036900,2000-03-01,4362628
00-0036906,1998-04-21,4035886
00-0036907,1999-05-15,
00-0036910,1996-09-15,
00-0036912,1998-11-14,4241478
00-0036913,1999-01-27,4240600
00-0036919,1999-03-14,4371733
00-0036924,1999-05-07,4240657
00-0036929,1998-03-30,4046678
00-0036936,2000-06-09,4372485
00-0036945,1999-03-05,4362887
00-0036946,1999-06-22,4240904
00-0036951,1997-09-08,4047836
00-0036955,2000-06-09,4362630
00-0036963,1999-10-24,4374302
00-0036970,2000-10-06,4360248
00-0036971,1999-10-06,4360310
00-0036972,1998-09-05,4241464
00-0036980,2000-03-27,4372414
00-0036984,1999-01-30,4241401
00-0036988,1999-09-22,4242433
00-0036991,1999-09-23,4239992
00-0036997,2000-04-25,4361579
00-0036999,2000-09-05,4371986
00-0037004,1998-08-19,4239944
00-0037005,2000-06-02,4372780
00-0037011,1999-01-12,4240023
00-0037012,2000-05-09,4383351
00-0037013,1999-08-03,4361259
00-0035621,1996-01-27,3119317
00-0035876,1997-01-07,3886809
00-0035939,1996-12-20,3675812
00-0036059,1996-11-21,3916587
00-0036165,1998-10-21,4242540
00-0036176,1998-08-29,4057082
00-0036497,1998-05-15,4245131
00-0036527,1997-01-18,4036211
00-0036543,1998-11-13,4239768
00-0036590,1999-01-21,4244049
00-0036646,1997-11-05,4360739
00-0036692,1998-03-11,4040714
00-0036810,1998-04-10,4031033
00-0036829,1998-09-15,
00-0036841,1998-07-04,4244856
00-0036849,1999-10-07,4360797
00-0036858,1998-07-10,4037311
00-0036918,1997-04-16,3932144
00-0036928,1998-03-06,4034946
00-0036950,1998-07-15,4048259
00-0036959,1997-12-05,4034704
00-0036973,1999-01-26,4239996
00-0037055,1999-02-28,4247812
00-0037077,2000-09-16,4426875
00-0037078,2000-03-16,4361438
00-0037085,1999-02-07,4362748
00-0037086,1998-12-04,4241374
00-0037087,1999-01-02,4259169
00-0037093,1999-06-04,4401805
00-0037098,1998-03-24,4027873
00-0037112,1999-07-08,4259147
00-0037157,2001-04-11,4427728
00-0037168,1997-12-04,4056052
00-0037175,1998-07-27,4035312
00-0037197,1999-03-02,4361529
00-0037228,1998-11-01,4569987
00-0037238,2001-07-24,4426502
00-0037239,2000-06-27,4361370
00-0037240,2001-03-26,4426388
00-0037247,2001-03-04,4426354
00-0037248,1999-09-25,4379399
00-0037252,2000-03-26,4367209
00-0037256,1999-01-12,4697815
00-0037257,2000-12-14,4570409
00-0037258,2000-02-19,4360238
00-0037261,2000-02-03,4373678
00-0037263,2000-04-15,4373626
00-0037265,2000-08-01,4567246
00-0037267,1999-09-12,4372019
00-0037272,1999-03-14,4248822
00-0037273,1999-06-17,4367175
00-0037276,1998-05-12,4242431
00-0037277,2000-03-15,4374045
00-0037282,1999-08-11,4361988
00-0037286,2000-11-17,4570674
00-0037291,1999-03-02,4382466
00-0037299,1999-10-26,4362087
00-0037300,2000-03-19,4360174
00-0037304,1999-01-22,4241961
00-0037311,1998-01-20,4034779
00-0037327,1997-06-04,4036419
00-0037331,1998-12-10,4260406
00-0037348,1998-03-20,4047422
00-0037355,1999-01-21,4259908
00-0037382,1998-07-26,4035198
00-0037387,1998-07-13,4036448
00-0037429,1998-06-05,4259308
00-0037475,1998-10-04,4250764
00-0037487,1999-12-23,4374187
00-0037525,1999-05-24,4360569
00-0037545,1998-08-31,4032473
00-0037557,1999-01-31,4243003
00-0037563,1998-11-26,4240603
00-0037569,1999-04-23,4258248
00-0037570,1999-04-24,4572786
00-0037594,2000-10-26,4367567
00-0037617,1999-11-26,4372071
00-0037664,2000-05-02,4360078
00-0037666,1999-02-27,4249417
00-0037708,1997-01-10,3914307
00-0037740,2000-07-22,4569618
00-0037741,2000-03-22,4361409
00-0037742,2000-03-23,4567156
00-0037744,1999-11-22,4361307
00-0037745,1997-05-11,4035693
00-0037746,1999-03-22,4241474
00-0037755,1998-10-09,4241410
00-0037801,1996-08-02,3676833
00-0037805,2000-08-11,4361372
00-0037809,1999-09-08,4360635
00-0037816,2000-04-13,4361432
00-0037827,2000-10-23,4426475
00-0037828,1999-04-01,4689546
00-0037834,1999-12-27,4361741
00-0037838,2000-04-18,4361050
00-0037840,2000-08-26,4430737
00-0038040,1999-09-18,4361777
00-0038041,1999-01-18,4242355
00-0038045,2001-08-09,4426891
00-0038046,1999-02-10,4241263
00-0038090,2000-09-10,4430191
00-0038092,2000-01-25,4362186
00-0038098,1998-12-10,4249836
00-0038102,1998-06-06,4240703
00-0038104,2000-08-07,4362921
00-0038108,1999-04-26,4250360
00-0038115,2000-09-22,4361516
00-0038117,2001-01-05,4569587
00-0038120,2001-05-31,4427366
00-0038122,1999-08-31,4239086
00-0038124,1999-05-12,4248528
00-0038128,1999-05-25,4242512
00-0038129,1999-04-15,4243331
00-0038134,2000-10-20,4567048
00-0038147,1999-11-24,4262900
00-0038149,1999-03-03,
00-0034575,1995-05-02,3047536
00-0035100,1996-04-11,3886812
00-0035164,1996-01-11,3126115
00-0035934,1998-03-09,4046715
00-0037091,1999-05-18,4259305
00-0037120,2000-11-10,4429676
00-0037132,1997-03-18,3926231
00-0037156,1997-04-13,3929636
00-0037216,1999-12-15,4360306
00-0037292,1998-07-28,4722908
00-0037306,2000-03-09,4379401
00-0037317,1998-11-25,4249624
00-0037410,2000-08-20,4372519
00-0037420,1998-01-21,4035912
00-0037451,2000-04-10,
00-0037506,1997-10-11,4361008
00-0037539,1998-07-11,4360231
00-0037614,2000-07-18,4567096
00-0037654,1999-01-19,4242558
00-0037837,1999-03-24,4243389
00-0038389,2002-10-05,4429202
00-0038391,1998-07-14,4259592
00-0038393,2001-06-16,4428850
00-0038394,1999-06-22,4362523
00-0038396,1999-11-04,4570561
00-0038397,2000-10-26,4569609
00-0038416,2000-06-08,4434153
00-0038454,2002-01-17,4596334
00-0038465,2000-03-31,4689334
00-0038476,1998-08-07,4240391
00-0038492,1999-01-30,4689988
00-0038496,2001-03-08,4427278
00-0038542,2002-01-30,4430807
00-0038543,2002-02-14,4430878
00-0038544,2001-09-06,4429025
00-0038547,1998-09-28,4372096
00-0038551,2002-06-11,4599739
00-0038555,2002-08-30,4429013
00-0038558,2001-08-17,4430802
00-0038559,2000-02-23,4360761
00-0038563,2001-03-08,4428718
00-0038573,2000-09-11,4362477
00-0038576,1998-10-29,4257188
00-0038579,1998-09-01,4260394
00-0038582,1999-03-23,4360175
00-0038583,1999-11-14,4367178
00-0038589,1999-09-08,4360086
00-0038597,2000-03-21,4362238
00-0038598,1998-03-24,4373632
00-0038606,2002-03-21,4432620
00-0038608,2002-05-07,4429022
00-0038611,1999-09-26,4362619
00-0038612,1999-10-26,4362019
00-0038618,2000-06-01,4686422
00-0038619,1999-10-15,4368003
00-0038621,2000-12-08,4427095
00-0038622,2001-11-02,4431453
00-0038627,1999-11-15,4373266
00-0038632,1999-04-19,4250945
00-0038640,2000-05-07,4692835
00-0038647,2000-01-28,4372063
00-0038667,1998-10-13,4241588
00-0038678,1999-06-16,4243004
00-0038685,2000-01-11,3149687
00-0038705,1999-01-20,4362478
00-0038720,2000-07-09,4365395
00-0038752,1998-08-04,4360405
00-0038783,1999-07-09,4383440
00-0038794,2000-09-13,4722893
00-0038797,1999-05-08,4887558
00-0038809,2000-05-16,4373030
00-0038821,2001-01-24,4429006
00-0038862,1999-01-19,4248909
00-0038891,1999-10-20,4361332
00-0038911,1998-10-06,4240069
00-0038933,1999-10-18,4385690
00-0038935,2000-12-27,4430539
00-0038938,2001-09-25,4692590
00-0038941,2001-10-12,4565908
00-0038951,2001-10-25,4430871
00-0038976,2002-03-19,4686472
00-0038977,1999-10-29,4366031
00-0038979,2000-04-19,4369863
00-0038994,2002-01-27,4429205
00-0038996,2000-11-03,4572680
00-0038997,2001-08-12,4688813
00-0039021,2001-01-31,4426386
00-0039032,2001-06-15,4428557
00-0039040,2001-10-13,4429160
00-0039041,2000-10-27,4426844
00-0039050,2000-06-15,4372505
00-0039052,2001-04-02,4426407
00-0039062,2001-04-20,4426485
00-0039064,2000-09-11,4429615
00-0039065,2001-01-12,4430027
00-0039066,2001-07-06,4429086
00-0039067,2000-04-22,4428331
00-0039074,2001-02-03,4426553
00-0039075,2001-05-29,4426515
00-0039136,2001-05-30,4685035
00-0039139,2002-03-20,4429795
00-0039144,2000-09-02,4428085
00-0039146,2000-04-28,4362249
00-0039150,2001-07-25,4685720
00-0039152,1999-06-27,4361418
00-0039163,2001-10-03,4432577
00-0039164,2002-05-22,4429084
00-0039165,2001-01-08,4426385
00-0035976,1997-02-25,3929637
00-0036463,1997-10-06,4369886
00-0036640,1998-07-15,4746079
00-0037231,2000-03-30,4372758
00-0037324,1997-09-03,4044111
00-0037422,1998-01-06,4035776
00-0037450,1998-04-07,
00-0037509,2000-09-10,4430104
00-0037524,1997-12-14,4245144
00-0037609,1999-10-18,4248068
00-0038359,1997-09-21,4386544
00-0038400,2000-04-27,4685201
00-0038477,2000-03-09,4362227
00-0038498,1998-11-03,4248557
00-0038507,2001-06-20,4879650
00-0038519,1999-11-04,4372716
00-0038550,1998-01-13,4240858
00-0038636,2000-03-03,4427391
00-0038643,1999-11-11,4360290
00-0038679,1999-08-18,4241476
00-0038710,2000-03-22,4362018
00-0038824,2000-02-20,4369466
00-0038840,1999-11-18,4360763
00-0038920,1998-09-02,
00-0038998,1999-03-10,4243322
00-0039236,2001-04-03,4686104
00-0039244,2000-03-24,4698191
00-0039299,1999-12-16,4429835
00-0039316,2000-05-10,4426364
00-0039325,2002-10-21,4714365
00-0039337,2003-07-28,4595348
00-0039338,2002-12-13,4432665
00-0039342,2001-01-29,4430034
00-0039344,2003-07-21,4678008
00-0039355,2001-04-02,4426948
00-0039356,2003-03-27,4431588
00-0039359,2000-06-12,4426496
00-0039361,2002-08-19,4596448
00-0039363,2000-06-28,4372561
00-0039364,2001-07-30,4912274
00-0039365,2001-02-04,4575665
00-0039373,2003-09-06,4569682
00-0039376,2000-09-28,4426339
00-0039379,2000-12-19,4428678
00-0039384,1999-11-23,4360516
00-0039386,2001-01-10,4427985
00-0039391,2001-08-28,4430968
00-0039392,2000-05-15,4427575
00-0039393,2002-06-25,4429001
00-0039394,2001-03-06,4428796
00-0039398,2000-03-06,4360698
00-0039407,1999-12-14,4366963
00-0039410,1999-10-27,5083754
00-0039420,2001-06-14,4429262
00-0039424,1997-12-12,4569559
00-0039451,2001-01-29,4569371
00-0039458,1999-10-16,4362603
00-0039491,2001-10-30,4695883
00-0039521,2000-10-12,4428811
00-0039530,1999-12-27,4360967
00-0039543,2000-09-14,4426399
00-0039573,1999-10-14,4361604
00-0039589,2002-03-17,5097554
00-0039603,1999-11-18,4373273
00-0039613,2000-04-07,4373634
00-0039614,2000-06-02,
00-0039617,1998-10-04,
00-0039623,2000-09-27,4573697
00-0039631,1999-11-19,4700712
00-0039648,1999-12-26,4360978
00-0039650,2000-05-19,4362617
00-0039703,1999-09-08,4391845
00-0039732,2000-02-25,4426338
00-0039737,2001-09-17,4696700
00-0039738,2000-11-25,4429096
00-0039746,2002-08-29,4431545
00-0039747,2001-05-31,4428532
00-0039751,2000-10-01,4569382
00-0039754,2000-02-02,4361112
00-0039757,2001-01-03,4427600
00-0039792,2001-06-19,4696882
00-0039793,2002-05-03,4576297
00-0039794,2004-01-20,4685247
00-0039796,2001-02-16,4690013
00-0039798,2002-02-21,4695404
00-0039810,2001-06-28,4429033
00-0039811,2001-01-05,4429023
00-0039814,2000-09-13,4427834
00-0039816,2001-04-06,4429684
00-0039824,2000-11-02,4430723
00-0039847,2001-02-26,4429148
00-0039849,2002-08-11,4432708
00-0039851,2002-08-30,4431452
00-0039853,2002-02-18,4692022
00-0039855,2001-12-07,4430834
00-0039868,2003-02-06,4431280
00-0039874,2003-04-01,4682745
00-0039875,1999-11-20,4429501
00-0039880,2000-10-20,4569603
00-0039890,2002-10-08,4597500
00-0039893,2002-10-08,4432773
00-0039894,2003-04-27,4683062
00-0039901,2003-05-17,4635008
00-0039907,2002-04-11,4430637
00-0039910,2000-12-18,4426348
00-0039912,2002-06-14,4690923
00-0039915,2001-11-11,4612826
00-0039916,2000-09-09,4428209
00-0039917,2000-05-08,4360423
00-0039918,2001-11-18,4431611
00-0039919,2002-06-03,4431299
00-0039920,2002-03-21,4613104
00-0039921,2002-07-23,4429275
espn-4890973,2003-12-02,4890973
espn-4431459,2002-05-24,4431459
espn-4432710,2002-10-22,4432710
espn-4685472,2003-04-05,4685472
espn-4568490,2001-02-04,4568490
espn-4685382,2003-03-16,4685382
espn-4567750,2002-10-14,4567750
espn-4689114,2003-05-13,4689114
espn-5083076,2004-07-20,5083076
espn-4429059,2000-12-29,4429059
espn-4685702,2003-10-29,4685702
espn-4608686,2002-06-06,4608686
espn-4595342,2003-06-25,4595342
espn-4723086,2004-04-09,4723086
espn-4575131,2001-04-12,4575131
espn-4685278,2003-12-12,4685278
espn-4701936,2003-08-01,4701936
espn-4877706,2002-12-15,4877706
espn-4682652,2003-08-12,4682652
espn-5081397,2004-09-14,5081397
espn-4433970,2003-01-20,4433970
espn-4685415,2003-05-18,4685415
espn-2468609,1990-08-23,2468609
espn-4696981,2002-02-05,4696981
espn-4360689,1999-09-28,4360689
espn-4431268,2001-12-14,4431268
espn-4241372,1997-06-04,4241372
espn-4882093,2002-02-14,4882093
espn-4685279,2004-01-08,4685279
espn-4608810,2002-05-18,4608810
espn-4819231,2003-08-14,4819231
espn-4432762,2002-02-07,4432762
espn-4808766,2004-05-08,4808766
espn-4883647,2003-06-03,4883647
espn-4360635,1999-09-08,4360635
espn-4711533,2004-01-15,4711533
espn-4688380,2002-05-25,4688380
espn-5123663,2002-02-20,5123663
espn-4429939,1999-08-18,4429939
espn-3149687,2000-01-11,3149687
espn-4686612,2002-02-28,4686612
espn-4710855,2002-10-24,4710855
espn-4242433,1999-09-22,4242433
espn-4597703,2002-11-29,4597703
espn-4596602,2003-04-11,4596602
espn-4603186,2002-12-18,4603186
espn-4600981,2002-12-10,4600981
espn-4889929,2003-03-15,4889929
espn-4586312,2002-09-04,4586312
espn-4601080,2002-06-08,4601080
