player_id,name,college_dom_score,college_final_year,college_games,college_pass_yds,college_pass_tds,college_ints,college_rush_yds,college_rush_tds,college_rec,college_rec_yds,college_rec_tds
00-0027071,Stephen McGee,,,0,0.0,0.0,0.0,0.0,0.0,0.0,0.0,0.0
00-0027201,Dimitri Nance,,,0,0.0,0.0,0.0,0.0,0.0,0.0,0.0,0.0
00-0027349,Stephen Williams,,,0,0.0,0.0,0.0,0.0,0.0,0.0,0.0,0.0
00-0027358,Roberto Wallace,,,0,0.0,0.0,0.0,0.0,0.0,0.0,0.0,0.0
00-0027467,Javarris James,,,0,0.0,0.0,0.0,0.0,0.0,0.0,0.0,0.0
00-0027795,David Gettis,,,0,0.0,0.0,0.0,0.0,0.0,0.0,0.0,0.0
00-0027880,Jahvid Best,,,0,0.0,0.0,0.0,0.0,0.0,0.0,0.0,0.0
00-0027259,Jake Ballard,,,0,0.0,0.0,0.0,0.0,0.0,0.0,0.0,0.0
00-0027666,Montario Hardesty,,,0,0.0,0.0,0.0,0.0,0.0,0.0,0.0,0.0
00-0027722,Mike Kafka,,,0,0.0,0.0,0.0,0.0,0.0,0.0,0.0,0.0
00-0027982,Titus Young,,,0,0.0,0.0,0.0,0.0,0.0,0.0,0.0,0.0
00-0028057,Delone Carter,,,0,0.0,0.0,0.0,0.0,0.0,0.0,0.0,0.0
00-0028068,Jamie Harper,,,0,0.0,0.0,0.0,0.0,0.0,0.0,0.0,0.0
00-0028163,Anthony Allen,,,0,0.0,0.0,0.0,0.0,0.0,0.0,0.0,0.0
00-0028565,Armando Allen,,,0,0.0,0.0,0.0,0.0,0.0,0.0,0.0,0.0
00-0028602,Brandon Saine,,,0,0.0,0.0,0.0,0.0,0.0,0.0,0.0,0.0
00-0027602,Graham Harrell,,,0,0.0,0.0,0.0,0.0,0.0,0.0,0.0,0.0
00-0027976,Ryan Williams,,,0,0.0,0.0,0.0,0.0,0.0,0.0,0.0,0.0
00-0027995,Mikel Leshoure,,,0,0.0,0.0,0.0,0.0,0.0,0.0,0.0,0.0
00-0028170,Baron Batch,,,0,0.0,0.0,0.0,0.0,0.0,0.0,0.0,0.0
00-0028400,Armon Binns,,,0,0.0,0.0,0.0,0.0,0.0,0.0,0.0,0.0
00-0028416,Richard Murphy,,,0,0.0,0.0,0.0,0.0,0.0,0.0,0.0,0.0
00-0028542,Lestar Jean,,,0,0.0,0.0,0.0,0.0,0.0,0.0,0.0,0.0
00-0028736,William Powell,,,0,0.0,0.0,0.0,0.0,0.0,0.0,0.0,0.0
00-0028995,Stephen Hill,,,0,0.0,0.0,0.0,0.0,0.0,0.0,0.0,0.0
00-0029140,Chris Rainey,,,0,0.0,0.0,0.0,0.0,0.0,0.0,0.0,0.0
00-0029251,David Wilson,,,0,0.0,0.0,0.0,0.0,0.0,0.0,0.0,0.0
00-0029271,Joe Adams,,,0,0.0,0.0,0.0,0.0,0.0,0.0,0.0,0.0
00-0029547,Vick Ballard,,,0,0.0,0.0,0.0,0.0,0.0,0.0,0.0,0.0
00-0029548,LaVon Brazill,,,0,0.0,0.0,0.0,0.0,0.0,0.0,0.0,0.0
00-0029702,Juron Criner,,,0,0.0,0.0,0.0,0.0,0.0,0.0,0.0,0.0
00-0029707,Justin Blackmon,,,0,0.0,0.0,0.0,0.0,0.0,0.0,0.0,0.0
00-0029151,Matt Simms,,,0,0.0,0.0,0.0,0.0,0.0,0.0,0.0,0.0
00-0029317,Edwin Baker,,,0,0.0,0.0,0.0,0.0,0.0,0.0,0.0,0.0
00-0029667,Nick Toon,,,0,0.0,0.0,0.0,0.0,0.0,0.0,0.0,0.0
00-0029694,Michael Egnew,,,0,0.0,0.0,0.0,0.0,0.0,0.0,0.0,0.0
00-0029999,Zach Sudfeld,,,0,0.0,0.0,0.0,0.0,0.0,0.0,0.0,0.0
00-0030024,Jeff Tuel,,,0,0.0,0.0,0.0,0.0,0.0,0.0,0.0,0.0
00-0030043,Da'Rick Rogers,,,0,0.0,0.0,0.0,0.0,0.0,0.0,0.0,0.0
00-0030078,Johnathan Franklin,,,0,0.0,0.0,0.0,0.0,0.0,0.0,0.0,0.0
00-0030128,Michael Cox,,,0,0.0,0.0,0.0,0.0,0.0,0.0,0.0,0.0
00-0030248,Cierre Wood,,,0,0.0,0.0,0.0,0.0,0.0,0.0,0.0,0.0
00-0030474,Josh Boyce,,,0,0.0,0.0,0.0,0.0,0.0,0.0,0.0,0.0
00-0030512,Nick Kasa,,,0,0.0,0.0,0.0,0.0,0.0,0.0,0.0,0.0
00-0030522,Montee Ball,,,0,0.0,0.0,0.0,0.0,0.0,0.0,0.0,0.0
00-0030550,Ace Sanders,,,0,0.0,0.0,0.0,0.0,0.0,0.0,0.0,0.0
00-0029104,Jonas Gray,,,0,0.0,0.0,0.0,0.0,0.0,0.0,0.0,0.0
00-0030671,Isaiah Burse,,,0,0.0,0.0,0.0,0.0,0.0,0.0,0.0,0.0
00-0030897,Corey Washington,,,0,0.0,0.0,0.0,0.0,0.0,0.0,0.0,0.0
00-0030999,Marion Grice,,,0,0.0,0.0,0.0,0.0,0.0,0.0,0.0,0.0
00-0031008,Silas Redd,,,0,0.0,0.0,0.0,0.0,0.0,0.0,0.0,0.0
00-0031042,Jace Amaro,,,0,0.0,0.0,0.0,0.0,0.0,0.0,0.0,0.0
00-0031053,Jalen Saunders,,,0,0.0,0.0,0.0,0.0,0.0,0.0,0.0,0.0
00-0031123,Darrin Reaves,,,0,0.0,0.0,0.0,0.0,0.0,0.0,0.0,0.0
00-0031187,Robert Herron,,,0,0.0,0.0,0.0,0.0,0.0,0.0,0.0,0.0
00-0031243,Storm Johnson,,,0,0.0,0.0,0.0,0.0,0.0,0.0,0.0,0.0
00-0031266,Zach Mettenberger,,,0,0.0,0.0,0.0,0.0,0.0,0.0,0.0,0.0
00-0031291,James Wright,,,0,0.0,0.0,0.0,0.0,0.0,0.0,0.0,0.0
00-0031391,Tre Mason,,,0,0.0,0.0,0.0,0.0,0.0,0.0,0.0,0.0
00-0031392,Dri Archer,,,0,0.0,0.0,0.0,0.0,0.0,0.0,0.0,0.0
00-0031409,Johnny Manziel,,,0,0.0,0.0,0.0,0.0,0.0,0.0,0.0,0.0
00-0031413,Bishop Sankey,,,0,0.0,0.0,0.0,0.0,0.0,0.0,0.0,0.0
00-0029623,Alex Tanney,,,0,0.0,0.0,0.0,0.0,0.0,0.0,0.0,0.0
00-0030187,Rashad Ross,,,0,0.0,0.0,0.0,0.0,0.0,0.0,0.0,0.0
00-0030691,Jeremy Butler,,,0,0.0,0.0,0.0,0.0,0.0,0.0,0.0,0.0
00-0030807,Seantavius Jones,,,0,0.0,0.0,0.0,0.0,0.0,0.0,0.0,0.0
00-0031315,Matt Hazel,,,0,0.0,0.0,0.0,0.0,0.0,0.0,0.0,0.0
00-0031462,Jerome Cunningham,,,0,0.0,0.0,0.0,0.0,0.0,0.0,0.0,0.0
00-0031493,Jarryd Hayne,,,0,0.0,0.0,0.0,0.0,0.0,0.0,0.0,0.0
00-0031531,Trey Williams,,,0,0.0,0.0,0.0,0.0,0.0,0.0,0.0,0.0
00-0031600,Keith Mumphery,,,0,0.0,0.0,0.0,0.0,0.0,0.0,0.0,0.0
00-0031611,Josh Robinson,,,0,0.0,0.0,0.0,0.0,0.0,0.0,0.0,0.0
00-0031757,Lucky Whitehead,,,0,0.0,0.0,0.0,0.0,0.0,0.0,0.0,0.0
00-0031768,Terrence Magee,,,0,0.0,0.0,0.0,0.0,0.0,0.0,0.0,0.0
00-0031818,Bradley Marquez,,,0,0.0,0.0,0.0,0.0,0.0,0.0,0.0,0.0
00-0031854,Chris Harper,,,0,0.0,0.0,0.0,0.0,0.0,0.0,0.0,0.0
00-0031962,Mario Alford,,,0,0.0,0.0,0.0,0.0,0.0,0.0,0.0,0.0
00-0031968,E.J. Bibbs,,,0,0.0,0.0,0.0,0.0,0.0,0.0,0.0,0.0
00-0032008,Donteea Dye,,,0,0.0,0.0,0.0,0.0,0.0,0.0,0.0,0.0
00-0032068,Malcolm Johnson,,,0,0.0,0.0,0.0,0.0,0.0,0.0,0.0,0.0
00-0032089,Brian Parker,,,0,0.0,0.0,0.0,0.0,0.0,0.0,0.0,0.0
00-0032115,Kaelin Clay,,,0,0.0,0.0,0.0,0.0,0.0,0.0,0.0,0.0
00-0032123,Tre McBride,,,0,0.0,0.0,0.0,0.0,0.0,0.0,0.0,0.0
00-0032133,David Cobb,,,0,0.0,0.0,0.0,0.0,0.0,0.0,0.0,0.0
00-0032152,Karlos Williams,,,0,0.0,0.0,0.0,0.0,0.0,0.0,0.0,0.0
00-0032188,Vince Mayle,,,0,0.0,0.0,0.0,0.0,0.0,0.0,0.0,0.0
00-0032218,Dorial Green-Beckham,,,0,0.0,0.0,0.0,0.0,0.0,0.0,0.0,0.0
00-0030290,Cobi Hamilton,,,0,0.0,0.0,0.0,0.0,0.0,0.0,0.0,0.0
00-0030805,Je'Ron Hamm,,,0,0.0,0.0,0.0,0.0,0.0,0.0,0.0,0.0
00-0030854,Erik Swoope,,,0,0.0,0.0,0.0,0.0,0.0,0.0,0.0,0.0
00-0031158,George Atkinson,,,0,0.0,0.0,0.0,0.0,0.0,0.0,0.0,0.0
00-0031514,Quan Bray,,,0,0.0,0.0,0.0,0.0,0.0,0.0,0.0,0.0
00-0031568,Bryce Petty,,,0,0.0,0.0,0.0,0.0,0.0,0.0,0.0,0.0
00-0031684,Shane Wynn,,,0,0.0,0.0,0.0,0.0,0.0,0.0,0.0,0.0
00-0031697,Jordan Taylor,,,0,0.0,0.0,0.0,0.0,0.0,0.0,0.0,0.0
00-0031788,Matt Lengel,,,0,0.0,0.0,0.0,0.0,0.0,0.0,0.0,0.0
00-0031793,Terrell Watson,,,0,0.0,0.0,0.0,0.0,0.0,0.0,0.0,0.0
00-0032048,Mack Brown,,,0,0.0,0.0,0.0,0.0,0.0,0.0,0.0,0.0
00-0032064,DeAndre Smelter,,,0,0.0,0.0,0.0,0.0,0.0,0.0,0.0,0.0
00-0032411,Kenneth Dixon,,,0,0.0,0.0,0.0,0.0,0.0,0.0,0.0,0.0
00-0032429,Jerell Adams,,,0,0.0,0.0,0.0,0.0,0.0,0.0,0.0,0.0
00-0032441,Aaron Burbridge,,,0,0.0,0.0,0.0,0.0,0.0,0.0,0.0,0.0
00-0032475,Tanner McEvoy,,,0,0.0,0.0,0.0,0.0,0.0,0.0,0.0,0.0
00-0032482,Bralon Addison,,,0,0.0,0.0,0.0,0.0,0.0,0.0,0.0,0.0
00-0032508,Hakeem Valles,,,0,0.0,0.0,0.0,0.0,0.0,0.0,0.0,0.0
00-0032523,Henry Krieger-Coble,6.3,2015: 35rec/405yds/1td,0,0,0,0,0,0,35.0,405.0,1.0
00-0032562,Cole Wick,,,0,0.0,0.0,0.0,0.0,0.0,0.0,0.0,0.0
00-0032593,Brandon Wilds,,,0,0.0,0.0,0.0,0.0,0.0,0.0,0.0,0.0
00-0032659,Roger Lewis,25.8,2014: 85rec/1544yds/16td,0,0,0,0,-3.0,0.0,85.0,1544.0,16.0
00-0032784,Kevin Hogan,,,0,0.0,0.0,0.0,0.0,0.0,0.0,0.0,0.0
00-0032804,Daniel Lasco,,,0,0.0,0.0,0.0,0.0,0.0,0.0,0.0,0.0
00-0032864,Alex Ellis,,,0,0.0,0.0,0.0,0.0,0.0,0.0,0.0,0.0
00-0032893,Connor Cook,,,0,0.0,0.0,0.0,0.0,0.0,0.0,0.0,0.0
00-0032902,Kenneth Farrow,,,0,0.0,0.0,0.0,0.0,0.0,0.0,0.0,0.0
00-0033069,Braxton Miller,,,0,0.0,0.0,0.0,0.0,0.0,0.0,0.0,0.0
00-0033079,Ricardo Louis,,,0,0.0,0.0,0.0,0.0,0.0,0.0,0.0,0.0
00-0033098,Cardale Jones,,,0,0.0,0.0,0.0,0.0,0.0,0.0,0.0,0.0
00-0033108,Paxton Lynch,,,0,0.0,0.0,0.0,0.0,0.0,0.0,0.0,0.0
00-0030151,Tyler Bray,,,0,0.0,0.0,0.0,0.0,0.0,0.0,0.0,0.0
00-0030711,David Fluellen,,,0,0.0,0.0,0.0,0.0,0.0,0.0,0.0,0.0
00-0030743,Bernard Reedy,,,0,0.0,0.0,0.0,0.0,0.0,0.0,0.0,0.0
00-0031801,Jordan Leslie,,,0,0.0,0.0,0.0,0.0,0.0,0.0,0.0,0.0
00-0031884,Gabe Holmes,,,0,0.0,0.0,0.0,0.0,0.0,0.0,0.0,0.0
00-0032431,Jake Rudock,,,0,0.0,0.0,0.0,0.0,0.0,0.0,0.0,0.0
00-0032630,Joe Callahan,,,0,0.0,0.0,0.0,0.0,0.0,0.0,0.0,0.0
00-0032839,Hunter Sharp,16.2,"2015: 20yds/0td rush, 71rec/835yds/9td",0,0,0,0,20.0,0.0,71.0,835.0,9.0
00-0032926,K.J. Brent,,,0,0.0,0.0,0.0,0.0,0.0,0.0,0.0,0.0
00-0032937,Max McCaffrey,,,0,0.0,0.0,0.0,0.0,0.0,0.0,0.0,0.0
00-0033095,Garrett Griffin,,,0,0.0,0.0,0.0,0.0,0.0,0.0,0.0,0.0
00-0033266,JoJo Natson,,,0,0.0,0.0,0.0,0.0,0.0,0.0,0.0,0.0
00-0033295,Elijah McGuire,,,0,0.0,0.0,0.0,0.0,0.0,0.0,0.0,0.0
00-0033304,Devante Mays,3.5,"2016: 259yds/3td rush, 1rec/8yds/0td",0,0,0,0,259.0,3.0,1.0,8.0,0.0
00-0033315,Cole Hikutini,,,0,0.0,0.0,0.0,0.0,0.0,0.0,0.0,0.0
00-0033449,Isaac Whitney,0.5,2016: 3rec/32yds/0td,0,0,0,0,0,0,3.0,32.0,0.0
00-0033464,Jehu Chesson,,,0,0.0,0.0,0.0,0.0,0.0,0.0,0.0,0.0
00-0033559,Michael Roberts,,,0,0.0,0.0,0.0,0.0,0.0,0.0,0.0,0.0
00-0033573,Shelton Gibson,,,0,0.0,0.0,0.0,0.0,0.0,0.0,0.0,0.0
00-0033581,De'Angelo Henderson Sr.,,,0,0.0,0.0,0.0,0.0,0.0,0.0,0.0,0.0
00-0033596,Matt Dayes,,,0,0.0,0.0,0.0,0.0,0.0,0.0,0.0,0.0
00-0033633,Tanner Gentry,,,0,0.0,0.0,0.0,0.0,0.0,0.0,0.0,0.0
00-0033717,Travis Rudolph,14.0,2016: 56rec/840yds/7td,0,0,0,0,0,0,56.0,840.0,7.0
00-0033760,Justin Davis,,,0,0.0,0.0,0.0,0.0,0.0,0.0,0.0,0.0
00-0033838,Trey Edmunds,,,0,0.0,0.0,0.0,0.0,0.0,0.0,0.0,0.0
00-0033840,Chad Hansen,,,0,0.0,0.0,0.0,0.0,0.0,0.0,0.0,0.0
00-0033855,Chris Thompson,,,0,0.0,0.0,0.0,0.0,0.0,0.0,0.0,0.0
00-0033899,DeShone Kizer,23.0,"2016: 2925yds/26td/9int pass, 472yds/8td rush, 1rec/4yds/0td",0,2925.0,26.0,9.0,472.0,8.0,1.0,4.0,0.0
00-0033916,ArDarius Stewart,,,0,0.0,0.0,0.0,0.0,0.0,0.0,0.0,0.0
00-0033937,Amara Darboh,,,0,0.0,0.0,0.0,0.0,0.0,0.0,0.0,0.0
00-0033968,Stacy Coley,,,0,0.0,0.0,0.0,0.0,0.0,0.0,0.0,0.0
00-0032707,Andy Jones,,,0,0.0,0.0,0.0,0.0,0.0,0.0,0.0,0.0
00-0033049,Darius Jackson,,,0,0.0,0.0,0.0,0.0,0.0,0.0,0.0,0.0
00-0033054,Rico Gathers,,,0,0.0,0.0,0.0,0.0,0.0,0.0,0.0,0.0
00-0033306,Victor Bolden,,,0,0.0,0.0,0.0,0.0,0.0,0.0,0.0,0.0
00-0033373,Taquan Mizzell,,,0,0.0,0.0,0.0,0.0,0.0,0.0,0.0,0.0
00-0033379,Tim White,10.7,2016: 56rec/713yds/2td,0,0,0,0,-4.0,0.0,56.0,713.0,2.0
00-0033441,Keon Hatcher,,,0,0.0,0.0,0.0,0.0,0.0,0.0,0.0,0.0
00-0033474,Gehrig Dieter,,,0,0.0,0.0,0.0,0.0,0.0,0.0,0.0,0.0
00-0033564,Jake Butt,,,0,0.0,0.0,0.0,0.0,0.0,0.0,0.0,0.0
00-0033597,Chad Kelly,,,0,0.0,0.0,0.0,0.0,0.0,0.0,0.0,0.0
00-0033627,Jason Croom,,,0,0.0,0.0,0.0,0.0,0.0,0.0,0.0,0.0
00-0033696,Sean Culkin,,,0,0.0,0.0,0.0,0.0,0.0,0.0,0.0,0.0
00-0033742,Tyrone Swoopes,,,0,0.0,0.0,0.0,0.0,0.0,0.0,0.0,0.0
00-0033773,Riley McCarron,,,0,0.0,0.0,0.0,0.0,0.0,0.0,0.0,0.0
00-0033789,T.J. Logan,,,0,0.0,0.0,0.0,0.0,0.0,0.0,0.0,0.0
00-0033953,Jordan Leggett,,,0,0.0,0.0,0.0,0.0,0.0,0.0,0.0,0.0
00-0034201,De'Lance Turner,,2017: ,0,0,0,0,0,0,0,0,0
00-0034221,Roc Thomas,2.8,2017: 11rec/200yds/1td,0,0,0,0,0,0,11.0,200.0,1.0
00-0034258,Derrick Willies,,,0,0.0,0.0,0.0,0.0,0.0,0.0,0.0,0.0
00-0034268,J'Mon Moore,,,0,0.0,0.0,0.0,0.0,0.0,0.0,0.0,0.0
00-0034339,Trey Quinn,,,0,0.0,0.0,0.0,0.0,0.0,0.0,0.0,0.0
00-0034369,Kyle Lauletta,,,0,0.0,0.0,0.0,0.0,0.0,0.0,0.0,0.0
00-0034427,Dave Williams,,,0,0.0,0.0,0.0,0.0,0.0,0.0,0.0,0.0
00-0034489,Jalen Tolliver,,,0,0.0,0.0,0.0,0.0,0.0,0.0,0.0,0.0
00-0034499,Jawill Davis,,,0,0.0,0.0,0.0,0.0,0.0,0.0,0.0,0.0
00-0034509,Keith Ford,,,0,0.0,0.0,0.0,0.0,0.0,0.0,0.0,0.0
00-0034512,Cam Phillips,16.2,"2017: 10yds/0td rush, 71rec/964yds/7td",0,0.0,0.0,0.0,10.0,0.0,71.0,964.0,7.0
00-0034532,Jordan Franks,1.8,2017: 12rec/120yds/0td,0,0,0,0,0,0,12.0,120.0,0.0
00-0034565,Detrez Newsome,,2017: ,0,0,0,0,0,0,0,0,0
00-0034593,Chris Lacy,3.8,"2017: 26yds/0td rush, 20rec/264yds/0td",0,0,0,0,26.0,0.0,20.0,264.0,0.0
00-0034621,Shaun Wilson,15.9,"2017: 4yds/1td/1int pass, 818yds/6td rush, 36rec/263yds/4td",0,4.0,1.0,1.0,818.0,6.0,36.0,263.0,4.0
00-0034710,Darvin Kidsy,,,0,0.0,0.0,0.0,0.0,0.0,0.0,0.0,0.0
00-0034747,Marcell Ateman,,,0,0.0,0.0,0.0,0.0,0.0,0.0,0.0,0.0
00-0029857,Ryan Griffin,,,0,0.0,0.0,0.0,0.0,0.0,0.0,0.0,0.0
00-0032540,Tra Carson,,,0,0.0,0.0,0.0,0.0,0.0,0.0,0.0,0.0
00-0032728,Tevin Jones,,,0,0.0,0.0,0.0,0.0,0.0,0.0,0.0,0.0
00-0032945,Duke Williams,,,0,0.0,0.0,0.0,0.0,0.0,0.0,0.0,0.0
00-0032986,J.P. Holtz,,,0,0.0,0.0,0.0,0.0,0.0,0.0,0.0,0.0
00-0033530,Robert Davis,,,0,0.0,0.0,0.0,0.0,0.0,0.0,0.0,0.0
00-0033604,Krishawn Hogan,,,0,0.0,0.0,0.0,0.0,0.0,0.0,0.0,0.0
00-0033705,Andre Patton,,,0,0.0,0.0,0.0,0.0,0.0,0.0,0.0,0.0
00-0033994,Fred Brown,,,0,0.0,0.0,0.0,0.0,0.0,0.0,0.0,0.0
00-0034034,Rashard Davis,,,0,0.0,0.0,0.0,0.0,0.0,0.0,0.0,0.0
00-0034081,Steven Mitchell,,,0,0.0,0.0,0.0,0.0,0.0,0.0,0.0,0.0
00-0034256,Da'Mari Scott,,,0,0.0,0.0,0.0,0.0,0.0,0.0,0.0,0.0
00-0034267,Jaleel Scott,18.3,2017: 76rec/1079yds/9td,0,0,0,0,0,0,76.0,1079.0,9.0
00-0034358,Derrius Guice,18.0,"2017: 1251yds/11td rush, 18rec/124yds/2td",0,0,0,0,1251.0,11.0,18.0,124.0,2.0
00-0034393,Troy Fumagalli,,,0,0.0,0.0,0.0,0.0,0.0,0.0,0.0,0.0
00-0034406,Deon Cain,12.9,"2015: 35yds/0td/0int pass, 58rec/734yds/6td",0,35.0,0.0,0.0,-5.0,0.0,58.0,734.0,6.0
00-0034412,Luke Falk,,,0,0.0,0.0,0.0,0.0,0.0,0.0,0.0,0.0
00-0034432,Bo Scarbrough,10.4,"2017: 596yds/8td rush, 17rec/109yds/0td",0,0,0,0,596.0,8.0,17.0,109.0,0.0
00-0034439,Ryan Izzo,5.4,2017: 20rec/317yds/3td,0,0,0,0,0,0,20.0,317.0,3.0
00-0034654,Dalyn Dawkins,,,0,0.0,0.0,0.0,0.0,0.0,0.0,0.0,0.0
00-0034660,Rico Gafford,0.1,2017: 1rec/4yds/0td,0,0,0,0,0,0,1.0,4.0,0.0
00-0034735,Codey McElroy,,,0,0.0,0.0,0.0,0.0,0.0,0.0,0.0,0.0
00-0034788,Jaeden Graham,,,0,0.0,0.0,0.0,0.0,0.0,0.0,0.0,0.0
00-0034922,Ishmael Hyman,,,0,0.0,0.0,0.0,0.0,0.0,0.0,0.0,0.0
00-0034995,Dexter Williams,15.9,"2018: 995yds/12td rush, 16rec/133yds/1td",0,0,0,0,995.0,12.0,16.0,133.0,1.0
00-0035006,Olabisi Johnson,12.2,"2016: 13yds/0td rush, 54rec/796yds/4td",0,0,0,0,13.0,0.0,54.0,796.0,4.0
00-0035013,Jon Hilliman,6.9,"2017: 337yds/6td rush, 11rec/86yds/0td",0,0.0,0.0,0.0,337.0,6.0,11.0,86.0,0.0
00-0035025,Hale Hentges,2.0,2018: 4rec/34yds/3td,0,0,0,0,0,0,4.0,34.0,3.0
00-0035104,Alexander Hollins,21.8,2018: 79rec/1090yds/16td,0,0,0,0,0,0,79.0,1090.0,16.0
00-0035120,Keelan Doss,24.2,"2018: 82yds/0td rush, 118rec/1345yds/9td",0,0,0,0,82.0,0.0,118.0,1345.0,9.0
00-0035148,Darwin Thompson,19.9,"2018: 1044yds/14td rush, 23rec/351yds/2td",0,0,0,0,1044.0,14.0,23.0,351.0,2.0
00-0035181,Darrius Shepherd,17.4,"2018: 41yds/0td rush, 62rec/1065yds/9td",0,0,0,0,41.0,0.0,62.0,1065.0,9.0
00-0035232,Dwayne Haskins,31.7,"2018: 4831yds/50td/8int pass, 108yds/4td rush",0,4831.0,50.0,8.0,108.0,4.0,0,0,0
00-0035251,Will Grier,,,0,0.0,0.0,0.0,0.0,0.0,0.0,0.0,0.0
00-0035268,Ryquell Armstead,15.5,"2018: 1098yds/13td rush, 8rec/52yds/0td",0,0,0,0,1098.0,13.0,8.0,52.0,0.0
00-0035275,Jordan Scarlett,9.7,"2018: 776yds/5td rush, 10rec/84yds/0td",0,0,0,0,776.0,5.0,10.0,84.0,0.0
00-0035287,KeeSean Johnson,21.4,"2018: 14yds/0td rush, 95rec/1340yds/8td",0,0,0,0,14.0,0.0,95.0,1340.0,8.0
00-0035297,Kelvin Harmon,18.6,2018: 81rec/1186yds/7td,0,0,0,0,0,0,81.0,1186.0,7.0
00-0035374,Michael Walker,3.4,"2018: 57yds/0td rush, 17rec/218yds/0td",0,0,0,0,57.0,0.0,17.0,218.0,0.0
00-0035401,Damion Willis,15.7,2018: 56rec/876yds/10td,0,0,0,0,0,0,56.0,876.0,10.0
00-0035489,Wes Hills,,,0,0.0,0.0,0.0,0.0,0.0,0.0,0.0,0.0
00-0035539,Isaac Nauta,7.7,"2018: 31yds/1td rush, 30rec/430yds/3td",0,0,0,0,31.0,1.0,30.0,430.0,3.0
00-0035548,Ventell Bryant,10.7,"2018: 12yds/0td rush, 51rec/690yds/3td",0,0,0,0,12.0,0.0,51.0,690.0,3.0
00-0035551,Tony Brooks-James,5.0,"2018: 306yds/4td rush, 3rec/73yds/0td",0,0,0,0,306.0,4.0,3.0,73.0,0.0
00-0035553,Charles Jones,1.2,2018: 10rec/53yds/0td,0,0,0,0,0,0,10.0,53.0,0.0
00-0035577,Devlin Hodges,26.6,"2018: 4256yds/32td/16int pass, 313yds/8td rush",0,4256.0,32.0,16.0,313.0,8.0,0,0,0
00-0035590,Riley Ridley,12.0,"2017: 5yds/0td rush, 44rec/570yds/9td",0,0,0,0,5.0,0.0,44.0,570.0,9.0
00-0035592,Travis Fulgham,17.3,2018: 63rec/1083yds/9td,0,0,0,0,0,0,63.0,1083.0,9.0
00-0035596,Kerrith Whyte,13.3,"2018: 866yds/8td rush, 10rec/160yds/2td",0,0,0,0,866.0,8.0,10.0,160.0,2.0
00-0035597,John Ursua,25.1,"2018: 4yds/1td rush, 89rec/1343yds/16td",0,0,0,0,4.0,1.0,89.0,1343.0,16.0
00-0035652,Ryan Finley,,,0,0.0,0.0,0.0,0.0,0.0,0.0,0.0,0.0
00-0035671,Jace Sternberger,14.7,"2018: 4yds/0td rush, 48rec/832yds/10td",0,0,0,0,4.0,0.0,48.0,832.0,10.0
00-0033112,Temarrick Hemingway,,,0,0.0,0.0,0.0,0.0,0.0,0.0,0.0,0.0
00-0033720,Colin Thompson,,,0,0.0,0.0,0.0,0.0,0.0,0.0,0.0,0.0
00-0033798,Mason Schreck,,,0,0.0,0.0,0.0,0.0,0.0,0.0,0.0,0.0
00-0034169,Marcus Baugh,,,0,0.0,0.0,0.0,0.0,0.0,0.0,0.0,0.0
00-0034192,Nick Keizer,,,0,0.0,0.0,0.0,0.0,0.0,0.0,0.0,0.0
00-0034207,Jeff Badet,,,0,0.0,0.0,0.0,0.0,0.0,0.0,0.0,0.0
00-0034395,Daurice Fountain,,,0,0.0,0.0,0.0,0.0,0.0,0.0,0.0,0.0
00-0035102,Brandon Dillon,,,0,0.0,0.0,0.0,0.0,0.0,0.0,0.0,0.0
00-0035161,John Lovett,23.6,"2018: 1833yds/18td/3int pass, 895yds/13td rush",0,1833.0,18.0,3.0,895.0,13.0,0,0,0
00-0035187,Austin Walter,14.5,"2018: 564yds/4td rush, 44rec/525yds/2td",0,0,0,0,564.0,4.0,44.0,525.0,2.0
00-0035282,Easton Stick,29.1,"2018: 2752yds/28td/7int pass, 677yds/17td rush",0,2752.0,28.0,7.0,677.0,17.0,0,0,0
00-0035313,Terry Godwin,5.9,"2016: 14yds/0td rush, 22rec/373yds/3td",0,0.0,0.0,1.0,14.0,0.0,22.0,373.0,3.0
00-0035529,Hakeem Butler,18.9,2018: 60rec/1318yds/9td,0,0,0,0,0,0,60.0,1318.0,9.0
00-0035660,Kahale Warring,6.6,2018: 31rec/372yds/3td,0,0,0,0,0,0,31.0,372.0,3.0
00-0035848,DeMichael Harris,13.1,"2019: 541yds/5td rush, 34rec/346yds/3td",0,0,0,0,541.0,5.0,34.0,346.0,3.0
00-0035869,Austin Mack,6.2,2019: 27rec/361yds/3td,0,0,0,0,0,0,27.0,361.0,3.0
00-0035912,LeVante Bellamy,23.5,"2019: 1472yds/23td rush, 15rec/55yds/0td",0,0,0,0,1472.0,23.0,15.0,55.0,0.0
00-0036000,Adrian Killins,10.1,"2019: 629yds/7td rush, 8rec/120yds/1td",0,0,0,0,629.0,7.0,8.0,120.0,1.0
00-0036005,Noah Togiai,7.9,2019: 44rec/406yds/3td,0,0,0,0,0,0,44.0,406.0,3.0
00-0036008,Hunter Bryant,11.7,2019: 52rec/825yds/3td,0,0,0,0,-4.0,0.0,52.0,825.0,3.0
00-0036069,Scottie Phillips,8.1,"2019: 542yds/5td rush, 8rec/77yds/1td",0,0,0,0,542.0,5.0,8.0,77.0,1.0
00-0036100,Isaiah Zuber,3.7,"2019: 4yds/0td rush, 14rec/211yds/2td",0,0,0,0,4.0,0.0,14.0,211.0,2.0
00-0036110,Ja'Marcus Bradley,16.3,"2018: 21yds/0td/0int pass, 5yds/0td rush, 60rec/906yds/10td",0,21.0,0.0,0.0,5.0,0.0,60.0,906.0,10.0
00-0036142,Isaiah Wright,9.7,"2018: 48yds/0td rush, 47rec/442yds/5td",0,0.0,0.0,0.0,48.0,0.0,47.0,442.0,5.0
00-0036188,Antonio Williams,4.0,"2019: 322yds/3td rush, 2rec/4yds/0td",0,0,0,0,322.0,3.0,2.0,4.0,0.0
00-0036194,Devin Asiasi,10.2,2019: 44rec/641yds/4td,0,0,0,0,0,0,44.0,641.0,4.0
00-0036208,Artavis Pierce,13.0,"2019: 873yds/6td rush, 23rec/169yds/1td",0,0,0,0,873.0,6.0,23.0,169.0,1.0
00-0036225,Dalton Keene,6.0,"2019: 33yds/0td rush, 21rec/240yds/5td",0,0,0,0,33.0,0.0,21.0,240.0,5.0
00-0036245,Malcolm Perry,32.7,"2019: 1084yds/7td/3int pass, 2017yds/21td rush, 9rec/167yds/1td",0,1084.0,7.0,3.0,2017.0,21.0,9.0,167.0,1.0
00-0036278,Jason Huntley,18.0,"2019: 1090yds/9td rush, 40rec/192yds/2td",0,0,0,0,1090.0,9.0,40.0,192.0,2.0
00-0036312,Jake Luton,16.3,2019: 2714yds/28td/3int pass,0,2714.0,28.0,3.0,-87.0,1.0,0,0,0
00-0036340,Antonio Gandy-Golden,21.4,2019: 79rec/1396yds/10td,0,0,0,0,0,0,79.0,1396.0,10.0
00-0036357,Henry Ruggs,13.1,"2019: 75yds/1td rush, 40rec/746yds/7td",0,0,0,0,75.0,1.0,40.0,746.0,7.0
00-0036364,Lynn Bowden,24.4,"2019: 403yds/3td/3int pass, 1468yds/13td rush, 30rec/348yds/1td",0,403.0,3.0,3.0,1468.0,13.0,30.0,348.0,1.0
00-0036377,Joe Reed,14.7,"2019: 42yds/0td rush, 77rec/679yds/7td",0,0,0,0,42.0,0.0,77.0,679.0,7.0
00-0036382,K.J. Hill,13.9,"2019: 1yds/0td rush, 57rec/636yds/10td",0,0,0,0,1.0,0.0,57.0,636.0,10.0
00-0036384,Ben DiNucci,26.2,"2019: 3441yds/29td/6int pass, 569yds/7td rush",0,3441.0,29.0,6.0,569.0,7.0,0,0,0
00-0036398,John Hightower,16.1,"2019: 4yds/0td/0int pass, 154yds/0td rush, 51rec/943yds/8td",0,4.0,0.0,0.0,154.0,0.0,51.0,943.0,8.0
00-0036433,Tommy Stevens,11.1,"2019: 1155yds/11td/5int pass, 381yds/4td rush, 2rec/2yds/0td",0,1155.0,11.0,5.0,381.0,4.0,2.0,2.0,0.0
00-0036456,Dominique Dafney,9.7,"2019: 439yds/7td rush, 15rec/196yds/1td",0,0,0,0,439.0,7.0,15.0,196.0,1.0
00-0033550,Davis Webb,,,0,0.0,0.0,0.0,0.0,0.0,0.0,0.0,0.0
00-0033957,Rodney Adams,,,0,0.0,0.0,0.0,0.0,0.0,0.0,0.0,0.0
00-0034131,Kurt Benkert,,,0,0.0,0.0,0.0,0.0,0.0,0.0,0.0,0.0
00-0034614,Godwin Igwebuike,,,0,0.0,0.0,0.0,0.0,0.0,0.0,0.0,0.0
00-0034672,Ethan Wolf,,,0,0.0,0.0,0.0,0.0,0.0,0.0,0.0,0.0
00-0034930,Trinity Benson,,,0,0.0,0.0,0.0,0.0,0.0,0.0,0.0,0.0
00-0035045,D.J. Montgomery,14.0,"2018: 4yds/0td rush, 42rec/797yds/10td",0,0,0,0,4.0,0.0,42.0,797.0,10.0
00-0035101,Davion Davis,14.0,"2018: 86yds/1td rush, 51rec/564yds/10td",0,0,0,0,86.0,1.0,51.0,564.0,10.0
00-0035126,Antoine Wesley,21.8,2018: 88rec/1410yds/9td,0,0,0,0,-2.0,0.0,88.0,1410.0,9.0
00-0035345,Chris Myarick,2.7,2018: 14rec/146yds/1td,0,0,0,0,0,0,14.0,146.0,1.0
00-0035356,Tyree Jackson,20.9,"2018: 3131yds/28td/12int pass, 161yds/7td rush",0,3131.0,28.0,12.0,161.0,7.0,0,0,0
00-0035428,Daniel Helm,,,0,0.0,0.0,0.0,0.0,0.0,0.0,0.0,0.0
00-0035448,Damarea Crockett,10.7,"2018: 709yds/7td rush, 12rec/88yds/1td",0,0,0,0,709.0,7.0,12.0,88.0,1.0
00-0035572,Parker Hesse,,,0,0.0,0.0,0.0,0.0,0.0,0.0,0.0,0.0
00-0035603,Kendall Blanton,4.0,2018: 22rec/177yds/2td,0,0,0,0,0,0,22.0,177.0,2.0
00-0035715,Derrick Gore,10.1,"2018: 662yds/6td rush, 21rec/80yds/0td",0,0,0,0,662.0,6.0,21.0,80.0,0.0
00-0035760,Jacques Patrick,5.9,"2018: 378yds/1td rush, 17rec/104yds/1td",0,0,0,0,378.0,1.0,17.0,104.0,1.0
00-0035835,Nathan Cottrell,1.2,"2019: 1yds/0td rush, 3rec/60yds/1td",0,0,0,0,1.0,0.0,3.0,60.0,1.0
00-0035844,Kirk Merritt,17.2,"2019: 11yds/0td rush, 70rec/806yds/12td",0,0,0,0,11.0,0.0,70.0,806.0,12.0
00-0035883,Maurice Ffrench,15.9,"2019: 22yds/0td rush, 96rec/850yds/4td",0,0,0,0,22.0,0.0,96.0,850.0,4.0
00-0035898,Darius Bradwell,5.0,"2019: 484yds/2td rush, 3rec/13yds/0td",0,0,0,0,484.0,2.0,3.0,13.0,0.0
00-0036080,Easop Winston,19.1,2019: 85rec/970yds/11td,0,0,0,0,0,0,85.0,970.0,11.0
00-0036173,Tommy Hudson,1.6,2019: 10rec/112yds/0td,0,0,0,0,0,0,10.0,112.0,0.0
00-0036183,Kristian Wilkerson,20.5,2019: 71rec/1350yds/10td,0,0,0,0,0,0,71.0,1350.0,10.0
00-0036197,Jake Fromm,15.3,2019: 2860yds/24td/5int pass,0,2860.0,24.0,5.0,-12.0,0.0,0,0,0
00-0036226,Jacob Eason,15.5,2019: 3132yds/23td/8int pass,0,3132.0,23.0,8.0,-69.0,1.0,0.0,5.0,0.0
00-0036228,Dezmon Patmon,14.0,2019: 58rec/762yds/8td,0,0,0,0,0,0,58.0,762.0,8.0
00-0036308,Isaiah Coulter,17.3,"2019: 6yds/0td rush, 72rec/1039yds/8td",0,0,0,0,6.0,0.0,72.0,1039.0,8.0
00-0036383,Eno Benjamin,19.8,"2019: 1083yds/10td rush, 42rec/347yds/2td",0,0,0,0,1083.0,10.0,42.0,347.0,2.0
00-0036457,Ty'Son Williams,4.3,"2019: 264yds/3td rush, 7rec/47yds/0td",0,0,0,0,264.0,3.0,7.0,47.0,0.0
00-0036491,Tarik Black,3.1,2020: 10rec/240yds/1td,0,0,0,0,0,0,10.0,240.0,1.0
00-0036572,Shi Smith,11.1,"2020: 6yds/0td rush, 57rec/633yds/4td",0,0.0,0.0,0.0,6.0,0.0,57.0,633.0,4.0
00-0036582,Nate McCrary,,,0,0.0,0.0,0.0,0.0,0.0,0.0,0.0,0.0
00-0036627,Dez Fitzpatrick,11.1,2020: 43rec/833yds/3td,0,0,0,0,0,0,43.0,833.0,3.0
00-0036650,Larry Rountree,15.9,"2020: 972yds/14td rush, 15rec/100yds/0td",0,0,0,0,972.0,14.0,15.0,100.0,0.0
00-0036652,Racey McMath,3.0,2020: 14rec/195yds/1td,0,0,0,0,0,0,14.0,195.0,1.0
00-0036654,Demetric Felton,11.7,"2020: 668yds/5td rush, 22rec/159yds/3td",0,0,0,0,668.0,5.0,22.0,159.0,3.0
00-0036657,Seth Williams,11.3,2020: 47rec/760yds/4td,0,0,0,0,0,0,47.0,760.0,4.0
00-0036669,Kylin Hill,4.5,"2020: 58yds/0td rush, 23rec/237yds/1td",0,0,0,0,58.0,0.0,23.0,237.0,1.0
00-0036671,Dax Milne,18.7,"2020: 67yds/0td rush, 70rec/1188yds/8td",0,0,0,0,67.0,0.0,70.0,1188.0,8.0
00-0036698,Mekhi Sargent,6.7,"2020: 432yds/7td rush, 1rec/6yds/0td",0,0,0,0,432.0,7.0,1.0,6.0,0.0
00-0036860,Jake Funk,7.1,"2017: 3yds/0td/0int pass, 516yds/3td rush, 10rec/68yds/1td",0,3.0,0.0,0.0,516.0,3.0,10.0,68.0,1.0
00-0036929,Ian Book,20.7,"2020: 2830yds/15td/3int pass, 485yds/9td rush",0,2830.0,15.0,3.0,485.0,9.0,0,0,0
00-0036946,Kellen Mond,16.5,"2020: 2282yds/19td/3int pass, 294yds/4td rush",0,2282.0,19.0,3.0,294.0,4.0,0,0,0
00-0036951,Frank Darby,1.9,"2017: 21yds/1td rush, 6rec/46yds/1td",0,0,0,0,21.0,1.0,6.0,46.0,1.0
00-0036999,Anthony Schwartz,10.4,2020: 54rec/636yds/3td,0,0,0,0,-6.0,0.0,54.0,636.0,3.0
00-0037011,Tre' McKitty,1.8,2020: 6rec/108yds/1td,0,0,0,0,0,0,6.0,108.0,1.0
00-0035621,Nsimba Webster,22.8,"2018: 24yds/0td rush, 84rec/1379yds/12td",0,0,0,0,24.0,0.0,84.0,1379.0,12.0
00-0035876,Andre Baccellia,7.1,"2018: 14yds/0td/1int pass, 35yds/1td rush, 29rec/314yds/4td",0,14.0,0.0,1.0,35.0,1.0,29.0,314.0,4.0
00-0035939,Bryce Perkins,26.9,"2019: 3538yds/22td/12int pass, 769yds/11td rush, 1rec/9yds/0td",0,3538.0,22.0,12.0,769.0,11.0,1.0,9.0,0.0
00-0036059,Tyler Mabry,3.6,2019: 13rec/155yds/3td,0,0,0,0,0,0,13.0,155.0,3.0
00-0036543,Spencer Brown,12.1,"2020: 889yds/10td rush, 5rec/35yds/0td",0,0,0,0,889.0,10.0,5.0,35.0,0.0
00-0036692,Miller Forristall,4.2,"2020: 1yds/0td rush, 23rec/253yds/1td",0,0,0,0,1.0,0.0,23.0,253.0,1.0
00-0036810,Cade Johnson,19.8,"2018: 2yds/0td/0int pass, 149yds/0td rush, 72rec/1222yds/8td",0,2.0,0.0,0.0,149.0,0.0,72.0,1222.0,8.0
00-0036858,Jalen Camp,7.5,"2018: 3yds/0td rush, 29rec/439yds/4td",0,0,0,0,3.0,0.0,29.0,439.0,4.0
00-0036918,Jacob Harris,10.1,2020: 30rec/539yds/8td,0,0,0,0,0,0,30.0,539.0,8.0
00-0036950,Avery Williams,,,0,0.0,0.0,0.0,0.0,0.0,0.0,0.0,0.0
00-0036959,Michael Bandy,20.9,"2019: 51yds/0td rush, 76rec/1180yds/12td",0,0.0,0.0,0.0,51.0,0.0,76.0,1180.0,12.0
00-0037055,Lance McCutcheon,18.9,"2021: 13yds/1td rush, 63rec/1219yds/9td",0,0,0,0,13.0,1.0,63.0,1219.0,9.0
00-0037087,Trestan Ebner,12.3,"2020: 799yds/2td rush, 28rec/284yds/2td",0,-4.0,0.0,0.0,799.0,2.0,28.0,284.0,2.0
00-0037112,Jake Tonges,4.8,2021: 22rec/278yds/2td,0,0,0,0,0,0,22.0,278.0,2.0
00-0037168,Armani Rogers,8.5,"2021: 334yds/0td/1int pass, 552yds/7td rush, 2rec/2yds/0td",0,334.0,0.0,1.0,552.0,7.0,2.0,2.0,0.0
00-0037175,Anthony Brown,23.6,"2021: 2989yds/18td/7int pass, 658yds/9td rush, 1rec/30yds/1td",0,2989.0,18.0,7.0,658.0,9.0,1.0,30.0,1.0
00-0037265,Snoop Conner,12.7,"2021: 647yds/13td rush, 14rec/82yds/0td",0,0,0,0,647.0,13.0,14.0,82.0,0.0
00-0037272,Montrell Washington,19.3,"2021: 16yds/0td/0int pass, 140yds/6td rush, 61rec/855yds/9td",0,16.0,0.0,0.0,140.0,6.0,61.0,855.0,9.0
00-0037273,Kyle Philips,15.1,"2020: 40yds/0td rush, 59rec/739yds/10td",0,0,0,0,40.0,0.0,59.0,739.0,10.0
00-0037286,Kevin Harris,8.5,"2021: 660yds/4td rush, 11rec/89yds/0td",0,0,0,0,660.0,4.0,11.0,89.0,0.0
00-0037299,Keaontay Ingram,12.2,"2018: 911yds/5td rush, 22rec/156yds/0td",0,0.0,0.0,0.0,911.0,5.0,22.0,156.0,0.0
00-0037300,Mike Woods,6.7,"2021: 2yds/0td rush, 35rec/400yds/2td",0,0,0,0,2.0,0.0,35.0,400.0,2.0
00-0037327,Skylar Thompson,11.5,"2021: 2113yds/12td/4int pass, 4yds/4td rush",0,2113.0,12.0,4.0,4.0,4.0,0,0,0
00-0037331,Zander Horvath,6.0,"2021: 320yds/3td rush, 17rec/108yds/0td",0,0,0,0,320.0,3.0,17.0,108.0,0.0
00-0037348,Tanner Conner,11.0,"2021: 39yds/0td rush, 42rec/735yds/4td",0,0,0,0,39.0,0.0,42.0,735.0,4.0
00-0037355,Braylon Sanders,8.0,"2021: 6yds/0td rush, 24rec/549yds/4td",0,0,0,0,6.0,0.0,24.0,549.0,4.0
00-0037387,Jalen Virgil,3.3,2021: 15rec/226yds/1td,0,0,0,0,-1.0,0.0,15.0,226.0,1.0
00-0037563,Malik Davis,10.4,"2021: 487yds/5td rush, 23rec/217yds/2td",0,0.0,0.0,0.0,487.0,5.0,23.0,217.0,2.0
00-0037570,Dennis Houston,18.9,"2021: 63yds/2td rush, 90rec/1015yds/6td",0,0,0,0,63.0,2.0,90.0,1015.0,6.0
00-0037708,Maurice Alexander,5.1,"2019: 22yds/0td/0int pass, 42yds/0td rush, 25rec/298yds/1td",0,22.0,0.0,0.0,42.0,0.0,25.0,298.0,1.0
00-0037755,Jelani Woods,11.7,"2021: 1yds/0td rush, 44rec/598yds/8td",0,0,0,0,1.0,0.0,44.0,598.0,8.0
00-0037828,Danny Gray,14.4,"2021: 40yds/0td rush, 49rec/803yds/9td",0,0,0,0,40.0,0.0,49.0,803.0,9.0
00-0038045,Isaiah Spiller,14.4,"2021: 1011yds/6td rush, 25rec/189yds/1td",0,0,0,0,1011.0,6.0,25.0,189.0,1.0
00-0038147,Daylen Baldwin,4.2,2021: 17rec/256yds/2td,0,0,0,0,0,0,17.0,256.0,2.0
00-0034575,David Wells,,,0,0.0,0.0,0.0,0.0,0.0,0.0,0.0,0.0
00-0035164,Cody Thompson,13.3,2018: 48rec/647yds/10td,0,0,0,0,0,0,48.0,647.0,10.0
00-0035934,Trishton Jackson,18.0,"2019: 3yds/0td rush, 66rec/1023yds/11td",0,0.0,0.0,0.0,3.0,0.0,66.0,1023.0,11.0
00-0037156,Irvin Charles,0.1,2017: 1rec/4yds/0td,0,0,0,0,0,0,1.0,4.0,0.0
00-0037216,Justyn Ross,8.9,2021: 46rec/514yds/3td,0,0,0,0,0,0,46.0,514.0,3.0
00-0037292,Andrew Ogletree,4.3,2021: 28rec/282yds/0td,0,0,0,0,0,0,28.0,282.0,0.0
00-0037317,Nick Muse,4.2,2021: 20rec/222yds/2td,0,0,0,0,0,0,20.0,222.0,2.0
00-0037410,Jashaun Corbin,13.5,"2021: 887yds/7td rush, 25rec/144yds/1td",0,0,0,0,887.0,7.0,25.0,144.0,1.0
00-0037420,Kwamie Lassiter,10.9,2017: 59rec/653yds/3td,0,0,0,0,-6.0,0.0,59.0,653.0,3.0
00-0037506,Cole Fotheringham,2.1,2021: 15rec/128yds/0td,0,0,0,0,0,0,15.0,128.0,0.0
00-0038389,Israel Abanikanda,22.7,"2022: 1431yds/20td rush, 12rec/146yds/1td",0,0,0,0,1431.0,20.0,12.0,146.0,1.0
00-0038391,Sean Clifford,19.0,"2022: 2822yds/24td/7int pass, 176yds/5td rush, 2rec/24yds/0td",0,2822.0,24.0,7.0,176.0,5.0,2.0,24.0,0.0
00-0038397,Evan Hull,18.7,"2022: 913yds/5td rush, 55rec/546yds/2td",0,0,0,0,913.0,5.0,55.0,546.0,2.0
00-0038476,Tommy DeVito,15.3,"2022: 2650yds/15td/4int pass, 35yds/6td rush",0,2650.0,15.0,4.0,35.0,6.0,0.0,13.0,0.0
00-0038492,Jason Brownlee,14.8,2022: 55rec/891yds/8td,0,0,0,0,0,0,55.0,891.0,8.0
00-0038583,Dorian Thompson-Robinson,27.0,"2022: 3154yds/27td/10int pass, 646yds/12td rush",0,3154.0,27.0,10.0,646.0,12.0,0,0,0
00-0038598,Jaren Hall,23.2,"2022: 3171yds/31td/6int pass, 346yds/3td rush, 2rec/28yds/1td",0,3171.0,31.0,6.0,346.0,3.0,2.0,28.0,1.0
00-0038612,A.T. Perry,19.7,2022: 81rec/1096yds/11td,0,0,0,0,0,0,81.0,1096.0,11.0
00-0038622,Deuce Vaughn,23.7,"2022: 1558yds/9td rush, 42rec/378yds/3td",0,0,0,0,1558.0,9.0,42.0,378.0,3.0
00-0038627,Antoine Green,12.7,2022: 43rec/798yds/7td,0,0,0,0,0,0,43.0,798.0,7.0
00-0038632,Colton Dowell,15.9,"2022: 6yds/0td rush, 67rec/1032yds/6td",0,0,0,0,6.0,0.0,67.0,1032.0,6.0
00-0038667,Elijah Cooks,18.9,"2022: 19yds/0td/1int pass, 40yds/1td rush, 69rec/1076yds/10td",0,19.0,0.0,1.0,40.0,1.0,69.0,1076.0,10.0
00-0038685,Christopher Brooks,10.6,"2022: 817yds/6td rush, 10rec/98yds/0td",0,0,0,0,817.0,6.0,10.0,98.0,0.0
00-0038821,Rakim Jarrett,8.2,"2022: 15yds/0td rush, 40rec/471yds/3td",0,0,0,0,15.0,0.0,40.0,471.0,3.0
00-0038862,Elijah Dotson,17.0,"2022: 929yds/6td rush, 47rec/332yds/2td",0,0.0,0.0,0.0,929.0,6.0,47.0,332.0,2.0
00-0038891,Shedrick Jackson,3.0,"2022: 12yds/0td rush, 16rec/217yds/0td",0,0,0,0,12.0,0.0,16.0,217.0,0.0
00-0038911,Malik Cunningham,16.7,"2022: 1568yds/8td/5int pass, 565yds/12td rush, 1rec/33yds/0td",0,1568.0,8.0,5.0,565.0,12.0,1.0,33.0,0.0
00-0038941,Tyler Scott,15.4,"2020: 20yds/0td rush, 54rec/899yds/9td",0,0,0,0,20.0,0.0,54.0,899.0,9.0
00-0038977,Tank Dell,27.1,"2022: 9yds/0td rush, 109rec/1398yds/17td",0,0,0,0,9.0,0.0,109.0,1398.0,17.0
00-0039052,Trey Palmer,18.2,"2022: 75yds/0td rush, 71rec/1043yds/9td",0,0,0,0,75.0,0.0,71.0,1043.0,9.0
00-0039136,Zach Evans,13.7,"2022: 936yds/9td rush, 12rec/119yds/1td",0,0,0,0,936.0,9.0,12.0,119.0,1.0
00-0039152,Will Levis,12.0,"2022: 2406yds/19td/10int pass, 1rec/15yds/0td",0,2406.0,19.0,10.0,-107.0,2.0,1.0,15.0,0.0
00-0035976,Dan Chisena,0.7,2019: 3rec/66yds/0td,0,0,0,0,0,0,3.0,66.0,0.0
00-0036463,Chris Blair,14.5,"2018: 73yds/0td rush, 45rec/945yds/7td",0,0,0,0,73.0,0.0,45.0,945.0,7.0
00-0036640,Zach Davidson,,,0,0.0,0.0,0.0,0.0,0.0,0.0,0.0,0.0
00-0037231,Kevin Austin,13.8,"2021: 8yds/0td rush, 48rec/888yds/7td",0,0,0,0,8.0,0.0,48.0,888.0,7.0
00-0037324,Chris Oladokun,19.9,"2021: 3164yds/25td/7int pass, 166yds/2td rush, 2rec/32yds/2td",0,3164.0,25.0,7.0,166.0,2.0,2.0,32.0,2.0
00-0037422,Kendric Pryor,7.4,"2021: 41yds/0td rush, 32rec/416yds/3td",0,0,0,0,41.0,0.0,32.0,416.0,3.0
00-0037509,Sincere McCormick,21.4,"2021: 1479yds/15td rush, 22rec/184yds/0td",0,0,0,0,1479.0,15.0,22.0,184.0,0.0
00-0037524,Tay Martin,19.4,"2021: 13yds/1td rush, 80rec/1046yds/10td",0,0,0,0,13.0,1.0,80.0,1046.0,10.0
00-0037609,Aaron Shampklin,14.1,"2021: 842yds/11td rush, 16rec/117yds/1td",0,0,0,0,842.0,11.0,16.0,117.0,1.0
00-0038359,Xavier Smith,20.3,"2022: 24yds/1td/1int pass, 56yds/0td rush, 87rec/1021yds/11td",0,24.0,1.0,1.0,56.0,0.0,87.0,1021.0,11.0
00-0038400,Tanner McKee,12.1,2022: 2947yds/13td/8int pass,0,2947.0,13.0,8.0,-90.0,2.0,0,0,0
00-0038477,Bryce Ford-Wheaton,13.2,2022: 62rec/675yds/7td,0,0,0,0,0,0,62.0,675.0,7.0
00-0038498,E.J. Jenkins,5.1,2019: 17rec/316yds/3td,0,0.0,0.0,0.0,0,0,17.0,316.0,3.0
00-0038507,Grant DuBose,15.3,"2022: 18yds/0td rush, 64rec/792yds/9td",0,0.0,0.0,0.0,18.0,0.0,64.0,792.0,9.0
00-0038519,Nikko Remigio,16.3,"2022: 42yds/2td rush, 74rec/852yds/6td",0,0,0,0,42.0,2.0,74.0,852.0,6.0
00-0038550,Hendon Hooker,23.5,"2022: 3135yds/27td/2int pass, 430yds/5td rush, 1rec/16yds/0td",0,3135.0,27.0,2.0,430.0,5.0,1.0,16.0,0.0
00-0038636,Kenny McIntosh,19.5,"2021: 18yds/1td/0int pass, 829yds/10td rush, 43rec/504yds/2td",0,18.0,1.0,0.0,829.0,10.0,43.0,504.0,2.0
00-0038643,Brayden Willis,10.8,"2022: 24yds/1td/0int pass, 26yds/0td rush, 39rec/514yds/7td",0,24.0,1.0,0.0,26.0,0.0,39.0,514.0,7.0
00-0038679,Tyrell Shavers,9.4,"2019: 14yds/0td rush, 38rec/643yds/3td",0,0,0,0,14.0,0.0,38.0,643.0,3.0
00-0038710,Blake Whiteheart,5.5,2022: 24rec/295yds/3td,0,0,0,0,0,0,24.0,295.0,3.0
00-0038824,Ryan Miller,16.9,"2021: 1yds/0td rush, 72rec/762yds/12td",0,0,0,0,1.0,0.0,72.0,762.0,12.0
00-0038840,Brycen Tremayne,8.1,2022: 38rec/490yds/3td,0,0,0,0,0,0,38.0,490.0,3.0
00-0038998,Jake Haener,14.6,"2022: 2896yds/20td/3int pass, 1rec/-8yds/0td",0,2896.0,20.0,3.0,-123.0,2.0,1.0,-8.0,0.0
00-0039236,Johnny Wilson,8.8,2020: 41rec/617yds/2td,0,0,0,0,0.0,0.0,41.0,617.0,2.0
00-0039244,Chris Collier,0.8,"2022: 86yds/0td rush, 1rec/4yds/0td",0,0,0,0,86.0,0.0,1.0,4.0,0.0
00-0039299,George Holani,11.8,"2023: 748yds/7td rush, 17rec/199yds/0td",0,0,0,0,748.0,7.0,17.0,199.0,0.0
00-0039316,Baylor Cupp,2.6,2023: 11rec/114yds/2td,0,0,0,0,0,0,11.0,114.0,2.0
00-0039325,Carson Steele,12.8,"2023: 847yds/6td rush, 17rec/163yds/2td",0,0,0,0,847.0,6.0,17.0,163.0,2.0
00-0039337,Malik Nabers,25.8,"2022: 50yds/1td/0int pass, 1yds/0td rush, 89rec/1569yds/14td",0,50.0,1.0,0.0,1.0,0.0,89.0,1569.0,14.0
00-0039338,Brock Bowers,13.2,"2023: 28yds/1td rush, 56rec/714yds/6td",0,0,0,0,28.0,1.0,56.0,714.0,6.0
00-0039342,Xavier Legette,18.3,2023: 71rec/1255yds/7td,0,0,0,0,-9.0,0.0,71.0,1255.0,7.0
00-0039344,Jonathon Brooks,18.0,"2023: 1139yds/10td rush, 25rec/286yds/1td",0,0,0,0,1139.0,10.0,25.0,286.0,1.0
00-0039355,Luke McCaffrey,20.0,"2023: 117yds/0td rush, 71rec/992yds/13td",0,0.0,0.0,0.0,117.0,0.0,71.0,992.0,13.0
00-0039356,Ja'Tavion Sanders,9.7,"2023: 12yds/0td rush, 45rec/682yds/2td",0,0,0,0,12.0,0.0,45.0,682.0,2.0
00-0039359,Cade Stover,9.9,2023: 41rec/576yds/5td,0,0,0,0,0,0,41.0,576.0,5.0
00-0039361,Bucky Irving,22.6,"2023: 1180yds/11td rush, 56rec/413yds/2td",0,0.0,0.0,0.0,1180.0,11.0,56.0,413.0,2.0
00-0039363,Isaac Guerendo,14.8,"2023: 810yds/11td rush, 22rec/234yds/0td",0,0,0,0,810.0,11.0,22.0,234.0,0.0
00-0039364,Sione Vaki,7.2,"2023: 317yds/2td rush, 11rec/203yds/3td",0,0,0,0,317.0,2.0,11.0,203.0,3.0
00-0039365,Jacob Cowing,19.6,"2023: 26yds/0td rush, 90rec/848yds/13td",0,-2.0,0.0,0.0,26.0,0.0,90.0,848.0,13.0
00-0039373,Audric Estime,21.0,"2023: 1341yds/18td rush, 17rec/142yds/0td",0,0,0,0,1341.0,18.0,17.0,142.0,0.0
00-0039376,Spencer Rattler,17.3,"2023: 3186yds/19td/8int pass, 104yds/4td rush, 1rec/15yds/0td",0,3186.0,19.0,8.0,104.0,4.0,1.0,15.0,0.0
00-0039379,Jamari Thrash,14.8,"2023: 12yds/1td rush, 63rec/858yds/6td",0,0,0,0,12.0,1.0,63.0,858.0,6.0
00-0039384,Tyrone Tracy,11.7,"2023: 716yds/8td rush, 19rec/132yds/0td",0,0,0,0,716.0,8.0,19.0,132.0,0.0
00-0039386,Bub Means,11.6,"2021: 22yds/0td/0int pass, 10yds/0td rush, 41rec/721yds/6td",0,22.0,0.0,0.0,10.0,0.0,41.0,721.0,6.0
00-0039391,Kimani Vidal,22.6,"2023: 1661yds/14td rush, 18rec/201yds/1td",0,0,0,0,1661.0,14.0,18.0,201.0,1.0
00-0039392,Jha'Quan Jackson,7.6,"2023: 51yds/0td rush, 26rec/439yds/4td",0,0,0,0,51.0,0.0,26.0,439.0,4.0
00-0039393,Jase McClellan,12.7,"2023: 890yds/8td rush, 15rec/137yds/0td",0,0,0,0,890.0,8.0,15.0,137.0,0.0
00-0039394,Casey Washington,11.5,"2021: 30yds/1td rush, 49rec/670yds/4td",0,0.0,0.0,0.0,30.0,1.0,49.0,670.0,4.0
00-0039398,Joe Milton,19.7,"2023: 2813yds/20td/5int pass, 299yds/7td rush, 1rec/6yds/0td",0,2813.0,20.0,5.0,299.0,7.0,1.0,6.0,0.0
00-0039407,Dylan Laube,23.3,"2019: 715yds/9td rush, 68rec/699yds/7td",0,0.0,0.0,1.0,715.0,9.0,68.0,699.0,7.0
00-0039410,Ryan Flournoy,14.4,"2023: 49yds/1td rush, 57rec/839yds/6td",0,0,0,0,49.0,1.0,57.0,839.0,6.0
00-0039420,Jaheim Bell,8.3,"2023: 2yds/1td rush, 39rec/503yds/2td",0,0,0,0,2.0,1.0,39.0,503.0,2.0
00-0039424,Devaughn Vele,9.2,"2023: 6yds/0td/0int pass, 43rec/593yds/3td",0,6.0,0.0,0.0,-4.0,0.0,43.0,593.0,3.0
00-0039451,Isaiah Williams,17.4,"2023: 14yds/1td/0int pass, 38yds/0td rush, 82rec/1055yds/5td",0,14.0,1.0,0.0,38.0,0.0,82.0,1055.0,5.0
00-0039458,Brenden Bates,1.0,2023: 4rec/89yds/0td,0,0,0,0,0,0,4.0,89.0,0.0
00-0039491,Jalen Coker,19.9,"2022: 36yds/1td/0int pass, 3yds/0td rush, 59rec/1035yds/15td",0,36.0,1.0,0.0,3.0,0.0,59.0,1035.0,15.0
00-0039521,Xavier Weaver,15.1,"2021: 15yds/2td rush, 68rec/908yds/4td",0,0.0,0.0,0.0,15.0,2.0,68.0,908.0,4.0
00-0039530,Brevyn Spann-Ford,4.7,2023: 25rec/239yds/2td,0,0,0,0,0,0,25.0,239.0,2.0
00-0039543,Ramel Keyton,10.5,"2019: 10yds/0td rush, 35rec/642yds/6td",0,0,0,0,10.0,0.0,35.0,642.0,6.0
00-0039573,Blake Watson,24.5,"2023: 1152yds/14td rush, 53rec/480yds/3td",0,0,0,0,1152.0,14.0,53.0,480.0,3.0
00-0039589,Kameron Johnson,,,0,0.0,0.0,0.0,0.0,0.0,0.0,0.0,0.0
00-0039603,British Brooks,5.4,"2023: 375yds/2td rush, 14rec/73yds/0td",0,0,0,0,375.0,2.0,14.0,73.0,0.0
00-0039613,Dallin Holker,14.1,"2023: 1yds/1td rush, 64rec/767yds/6td",0,0,0,0,1.0,1.0,64.0,767.0,6.0
00-0039623,Mason Tipton,15.5,"2023: 15yds/1td rush, 53rec/807yds/10td",0,0,0,0,15.0,1.0,53.0,807.0,10.0
00-0039631,Cam Grandy,11.0,2023: 63rec/622yds/3td,0,0,0,0,0,0,63.0,622.0,3.0
00-0039648,David Martin-Robinson,9.6,"2023: 13yds/1td rush, 40rec/537yds/4td",0,0,0,0,13.0,1.0,40.0,537.0,4.0
00-0039650,Bryce Oliver,16.1,2023: 64rec/978yds/8td,0,0,0,0,0,0,64.0,978.0,8.0
00-0039703,Cody Schrader,22.1,"2023: 1627yds/14td rush, 22rec/191yds/0td",0,0,0,0,1627.0,14.0,22.0,191.0,0.0
00-0039732,Bo Nix,32.7,"2023: 4508yds/45td/3int pass, 234yds/6td rush, 2rec/36yds/1td",0,4508.0,45.0,3.0,234.0,6.0,2.0,36.0,1.0
00-0039737,Tip Reiman,4.4,2023: 19rec/203yds/3td,0,0,0,0,0,0,19.0,203.0,3.0
00-0039738,Blake Corum,24.6,"2023: 1245yds/27td rush, 16rec/117yds/1td",0,0,0,0,1245.0,27.0,16.0,117.0,1.0
00-0039746,Will Shipley,14.2,"2021: 2yds/1td/0int pass, 827yds/5td rush, 31rec/244yds/2td",0,2.0,1.0,0.0,827.0,5.0,31.0,244.0,2.0
00-0039747,Ainias Smith,11.3,"2023: 21yds/0td rush, 53rec/795yds/2td",0,0,0,0,21.0,0.0,53.0,795.0,2.0
00-0039751,Jordan Whittington,7.7,"2023: 18yds/0td rush, 42rec/505yds/1td",0,0,0,0,18.0,0.0,42.0,505.0,1.0
00-0039754,Devin Culp,3.8,"2022: 2yds/0td rush, 16rec/208yds/2td",0,0,0,0,2.0,0.0,16.0,208.0,2.0
00-0039757,Terrell Jennings,10.2,"2023: 674yds/9td rush, 7rec/60yds/0td",0,0.0,0.0,1.0,674.0,9.0,7.0,60.0,0.0
00-0039792,Devontez Walker,11.9,"2023: 23yds/0td rush, 41rec/699yds/7td",0,0,0,0,23.0,0.0,41.0,699.0,7.0
00-0039793,A.J. Barner,4.1,2023: 22rec/249yds/1td,0,0,0,0,0,0,22.0,249.0,1.0
00-0039794,Braelon Allen,16.7,"2022: 33yds/1td/0int pass, 984yds/12td rush, 28rec/131yds/0td",0,33.0,1.0,0.0,984.0,12.0,28.0,131.0,0.0
00-0039796,Rasheen Ali,19.9,"2023: 1135yds/15td rush, 28rec/213yds/1td",0,0,0,0,1135.0,15.0,28.0,213.0,1.0
00-0039798,Isaiah Davis,24.2,"2023: 1578yds/18td rush, 23rec/199yds/1td",0,0.0,0.0,0.0,1578.0,18.0,23.0,199.0,1.0
00-0039810,Jermaine Burton,13.2,"2020: 50yds/0td rush, 39rec/798yds/8td",0,0,0,0,50.0,0.0,39.0,798.0,8.0
00-0039811,MarShawn Lloyd,13.2,"2023: 820yds/9td rush, 13rec/232yds/0td",0,0,0,0,820.0,9.0,13.0,232.0,0.0
00-0039814,Erick All,5.3,2023: 21rec/299yds/3td,0,0,0,0,0,0,21.0,299.0,3.0
00-0039816,Anthony Gould,10.0,"2023: 22yds/0td rush, 44rec/718yds/2td",0,0,0,0,22.0,0.0,44.0,718.0,2.0
00-0039824,Jared Wiley,11.3,2023: 47rec/520yds/8td,0,0,0,0,0,0,47.0,520.0,8.0
00-0039847,Theo Johnson,8.5,2023: 34rec/341yds/7td,0,0,0,0,0,0,34.0,341.0,7.0
00-0039849,Marvin Harrison,21.6,"2023: 26yds/1td rush, 67rec/1211yds/14td",0,0,0,0,26.0,1.0,67.0,1211.0,14.0
00-0039851,Drake Maye,24.7,"2023: 3608yds/24td/9int pass, 449yds/9td rush",0,3608.0,24.0,9.0,449.0,9.0,0,0,0
00-0039853,Javon Baker,16.0,2023: 52rec/1139yds/7td,0,0,0,0,0,0,52.0,1139.0,7.0
00-0039855,Jalen McMillan,10.8,"2023: 9yds/0td/0int pass, 30yds/1td rush, 45rec/559yds/5td",0,9.0,0.0,0.0,30.0,1.0,45.0,559.0,5.0
00-0039868,Troy Franklin,23.3,2023: 81rec/1383yds/14td,0,0,0,0,0,0,81.0,1383.0,14.0
00-0039874,Jaylen Wright,12.4,"2023: 1013yds/4td rush, 22rec/141yds/0td",0,0,0,0,1013.0,4.0,22.0,141.0,0.0
00-0039875,Ray Davis,23.4,"2023: 1129yds/14td rush, 33rec/323yds/7td",0,0,0,0,1129.0,14.0,33.0,323.0,7.0
00-0039880,Malik Washington,23.6,"2023: 7yds/0td rush, 110rec/1426yds/9td",0,0.0,0.0,0.0,7.0,0.0,110.0,1426.0,9.0
00-0039890,Adonai Mitchell,15.8,"2023: 1yds/0td rush, 55rec/845yds/11td",0,0,0,0,1.0,0.0,55.0,845.0,11.0
00-0039893,Brian Thomas,22.1,2023: 68rec/1177yds/17td,0,0,0,0,-6.0,0.0,68.0,1177.0,17.0
00-0039894,Xavier Worthy,16.3,"2023: 35yds/0td/0int pass, 35yds/0td rush, 75rec/1014yds/5td",0,35.0,0.0,0.0,35.0,0.0,75.0,1014.0,5.0
00-0039901,Keon Coleman,14.0,"2023: 2yds/0td rush, 50rec/658yds/11td",0,0,0,0,2.0,0.0,50.0,658.0,11.0
00-0039907,Ja'Lynn Polk,19.1,"2023: 32yds/1td rush, 69rec/1159yds/9td",0,0,0,0,32.0,1.0,69.0,1159.0,9.0
00-0039910,Jayden Daniels,37.3,"2023: 3812yds/40td/4int pass, 1134yds/10td rush, 1rec/5yds/1td",0,3812.0,40.0,4.0,1134.0,10.0,1.0,5.0,1.0
00-0039912,Ben Sinnott,12.3,"2021: 12yds/1td rush, 49rec/676yds/6td",0,0,0,0,12.0,1.0,49.0,676.0,6.0
00-0039915,Ladd McConkey,7.7,"2023: 38yds/1td rush, 30rec/478yds/2td",0,0,0,0,38.0,1.0,30.0,478.0,2.0
00-0039916,Ricky Pearsall,16.2,"2021: 59yds/1td/0int pass, 62yds/2td rush, 65rec/965yds/4td",0,59.0,1.0,0.0,62.0,2.0,65.0,965.0,4.0
00-0039917,Michael Penix,25.8,"2023: 4903yds/36td/11int pass, 8yds/3td rush",0,4903.0,36.0,11.0,8.0,3.0,0.0,-13.0,0.0
00-0039918,Caleb Williams,26.0,"2023: 3633yds/30td/5int pass, 136yds/11td rush, 1rec/15yds/0td",0,3633.0,30.0,5.0,136.0,11.0,1.0,15.0,0.0
00-0039919,Rome Odunze,26.4,"2023: 37yds/1td rush, 92rec/1640yds/13td",0,0,0,0,37.0,1.0,92.0,1640.0,13.0
00-0039920,Malachi Corley,18.8,"2023: 11yds/0td rush, 79rec/984yds/11td",0,0,0,0,11.0,0.0,79.0,984.0,11.0
00-0039921,Trey Benson,17.2,"2023: 905yds/14td rush, 20rec/227yds/1td",0,0,0,0,905.0,14.0,20.0,227.0,1.0
espn-4890973,Ashton Jeanty,36.7,"2024: 2601yds/29td rush, 23rec/138yds/1td",0,0,0,0,2601.0,29.0,23.0,138.0,1.0
espn-4431459,Tyler Warren,25.1,"2024: 35yds/1td/0int pass, 218yds/4td rush, 104rec/1233yds/8td",0,35.0,1.0,0.0,218.0,4.0,104.0,1233.0,8.0
espn-4432710,TreVeyon Henderson,17.2,"2024: 1016yds/10td rush, 27rec/284yds/1td",0,0,0,0,1016.0,10.0,27.0,284.0,1.0
espn-4685472,Tetairoa McMillan,20.4,"2024: 14yds/0td/0int pass, 3yds/0td rush, 84rec/1319yds/8td",0,14.0,0.0,0.0,3.0,0.0,84.0,1319.0,8.0
espn-4568490,RJ Harvey,27.3,"2024: 18yds/0td/0int pass, 1577yds/22td rush, 20rec/267yds/3td",0,18.0,0.0,0.0,1577.0,22.0,20.0,267.0,3.0
espn-4685382,Omarion Hampton,26.4,"2024: 1660yds/15td rush, 38rec/373yds/2td",0,0,0,0,1660.0,15.0,38.0,373.0,2.0
espn-4567750,Emeka Egbuka,18.9,"2024: 33yds/0td rush, 81rec/1011yds/10td",0,0.0,0.0,0.0,33.0,0.0,81.0,1011.0,10.0
espn-4689114,Jaxson Dart,26.6,"2024: 4279yds/29td/6int pass, 495yds/3td rush, 1rec/15yds/0td",0,4279.0,29.0,6.0,495.0,3.0,1.0,15.0,0.0
espn-5083076,Harold Fannin Jr.,26.6,"2024: 9yds/0td/0int pass, 65yds/1td rush, 117rec/1555yds/10td",0,9.0,0.0,0.0,65.0,1.0,117.0,1555.0,10.0
espn-4429059,Woody Marks,19.0,"2024: 1133yds/9td rush, 47rec/321yds/0td",0,0,0,0,1133.0,9.0,47.0,321.0,0.0
espn-4685702,Quinshon Judkins,18.5,"2022: 7yds/0td/0int pass, 1060yds/14td rush, 22rec/161yds/2td",0,7.0,0.0,0.0,1060.0,14.0,22.0,161.0,2.0
espn-4608686,Kyle Monangai,18.0,"2021: 1279yds/13td rush, 14rec/75yds/1td",0,0.0,0.0,0.0,1279.0,13.0,14.0,75.0,1.0
espn-4595342,Oronde Gadsden,16.1,"2024: 12yds/0td rush, 73rec/934yds/7td",0,0,0,0,12.0,0.0,73.0,934.0,7.0
espn-4723086,Colston Loveland,11.1,2022: 56rec/582yds/5td,0,0.0,0.0,0.0,-2.0,0.0,56.0,582.0,5.0
espn-4575131,Jacory Croskey-Merritt,2.8,"2024: 106yds/1td rush, 7rec/72yds/1td",0,0,0,0,106.0,1.0,7.0,72.0,1.0
espn-4685278,Luther Burden III,14.5,"2024: 115yds/2td rush, 61rec/676yds/6td",0,0,0,0,115.0,2.0,61.0,676.0,6.0
espn-4701936,Matthew Golden,16.3,"2024: 30yds/0td/0int pass, 58rec/987yds/9td",0,30.0,0.0,0.0,0,0,58.0,987.0,9.0
espn-4877706,Jayden Higgins,19.9,2024: 87rec/1183yds/9td,0,0,0,0,0,0,87.0,1183.0,9.0
espn-4682652,Devin Neal,21.4,"2023: 1266yds/16td rush, 24rec/254yds/1td",0,0.0,0.0,0.0,1266.0,16.0,24.0,254.0,1.0
espn-5081397,Dylan Sampson,24.3,"2024: 1491yds/22td rush, 20rec/143yds/0td",0,0,0,0,1491.0,22.0,20.0,143.0,0.0
espn-4433970,J.J. McCarthy,18.3,"2023: 2991yds/22td/4int pass, 202yds/3td rush",0,2991.0,22.0,4.0,202.0,3.0,0,0,0
espn-4685415,Travis Hunter,24.5,"2024: 5yds/1td rush, 96rec/1258yds/15td",0,0,0,0,5.0,1.0,96.0,1258.0,15.0
espn-2468609,Taysom Hill,,,0,0.0,0.0,0.0,0.0,0.0,0.0,0.0,0.0
espn-4696981,Cam Skattebo,32.8,"2024: 42yds/1td/0int pass, 1711yds/21td rush, 45rec/605yds/3td",0,42.0,1.0,0.0,1711.0,21.0,45.0,605.0,3.0
espn-4360689,Tyler Shough,16.7,"2024: 3195yds/23td/6int pass, 19yds/1td rush",0,3195.0,23.0,6.0,19.0,1.0,0.0,18.0,0.0
espn-4431268,Chimere Dike,10.9,"2022: 32yds/1td rush, 42rec/783yds/2td",0,0,0,0,32.0,1.0,42.0,783.0,2.0
espn-4241372,Hollywood Brown,20.5,2018: 75rec/1318yds/10td,0,0,0,0,0.0,0.0,75.0,1318.0,10.0
espn-4882093,Bhayshul Tuten,19.2,"2024: 1159yds/15td rush, 23rec/81yds/2td",0,0,0,0,1159.0,15.0,23.0,81.0,2.0
espn-4685279,Jaydon Blue,18.1,"2024: 730yds/8td rush, 42rec/368yds/6td",0,0,0,0,730.0,8.0,42.0,368.0,6.0
espn-4608810,Tez Johnson,17.9,2024: 83rec/898yds/10td,0,0.0,0.0,0.0,-1.0,0.0,83.0,898.0,10.0
espn-4819231,Kaleb Johnson,25.6,"2024: 1537yds/21td rush, 22rec/188yds/2td",0,0,0,0,1537.0,21.0,22.0,188.0,2.0
espn-4432762,Shedeur Sanders,24.0,2024: 4134yds/37td/10int pass,0,4134.0,37.0,10.0,-50.0,4.0,0,0,0
espn-4808766,Mason Taylor,9.4,2024: 55rec/546yds/2td,0,0,0,0,0,0,55.0,546.0,2.0
espn-4883647,Elic Ayomanor,14.0,2024: 63rec/831yds/6td,0,0,0,0,0,0,63.0,831.0,6.0
espn-4360635,Chig Okonkwo,11.7,"2018: 72yds/3td rush, 52rec/447yds/5td",0,0,0,0,72.0,3.0,52.0,447.0,5.0
espn-4711533,Ollie Gordon II,16.9,"2024: 27yds/0td/0int pass, 880yds/13td rush, 29rec/179yds/1td",0,27.0,0.0,0.0,880.0,13.0,29.0,179.0,1.0
espn-4688380,Cam Ward,28.2,"2024: 4313yds/39td/7int pass, 204yds/4td rush, 1rec/7yds/1td",0,4313.0,39.0,7.0,204.0,4.0,1.0,7.0,1.0
espn-5123663,Isaac TeSlaa,7.7,2023: 28rec/546yds/3td,0,0,0,0,0.0,0.0,28.0,546.0,3.0
espn-4429939,Jawhar Jordan,18.6,"2023: 1128yds/13td rush, 21rec/246yds/1td",0,0,0,0,1128.0,13.0,21.0,246.0,1.0
espn-3149687,Chris Brooks,10.6,"2022: 817yds/6td rush, 10rec/98yds/0td",0,0,0,0,817.0,6.0,10.0,98.0,0.0
espn-4686612,Tre' Harris,15.8,"2022: 22yds/0td rush, 60rec/1030yds/7td",0,0.0,0.0,1.0,22.0,0.0,60.0,1030.0,7.0
espn-4710855,Konata Mumpfield,12.7,"2021: 15yds/0td rush, 52rec/813yds/5td",0,0.0,0.0,0.0,15.0,0.0,52.0,813.0,5.0
espn-4242433,Joshua Palmer,8.1,"2019: 4yds/0td rush, 33rec/475yds/4td",0,0,0,0,4.0,0.0,33.0,475.0,4.0
espn-4597703,Tory Horton,5.6,"2023: 72yds/1td/1int pass, 6yds/0td rush, 26rec/353yds/1td",0,72.0,1.0,1.0,6.0,0.0,26.0,353.0,1.0
espn-4596602,Brashard Smith,24.1,"2024: 1332yds/14td rush, 39rec/327yds/4td",0,0,0,0,1332.0,14.0,39.0,327.0,4.0
espn-4603186,Jack Bech,16.9,"2024: 7yds/0td rush, 62rec/1034yds/9td",0,0,0,0,7.0,0.0,62.0,1034.0,9.0
espn-4600981,Pat Bryant,16.4,"2024: 14yds/0td rush, 54rec/984yds/10td",0,0,0,0,14.0,0.0,54.0,984.0,10.0
espn-4889929,Quinn Ewers,18.8,"2024: 3472yds/31td/12int pass, 1rec/3yds/0td",0,3472.0,31.0,12.0,-82.0,2.0,1.0,3.0,0.0
espn-4586312,Jaylin Noel,19.3,"2024: 38yds/0td rush, 80rec/1194yds/8td",0,0.0,0.0,0.0,38.0,0.0,80.0,1194.0,8.0
espn-4601080,Raheim Sanders,17.3,"2024: 881yds/11td rush, 27rec/316yds/2td",0,0,0,0,881.0,11.0,27.0,316.0,2.0
espn-4432775,Dont'e Thornton Jr.,9.9,"2022: 6yds/0td rush, 26rec/661yds/6td",0,0,0,0,6.0,0.0,26.0,661.0,6.0
espn-4686728,Gunnar Helm,13.9,2024: 60rec/786yds/7td,0,0,0,0,0,0,60.0,786.0,7.0
espn-4678006,Elijah Arroyo,10.8,"2024: 7yds/1td/0int pass, 35rec/590yds/7td",0,7.0,1.0,0.0,0,0,35.0,590.0,7.0
espn-4427238,Dillon Gabriel,24.7,"2024: 3857yds/30td/6int pass, 149yds/7td rush, 1rec/13yds/0td",0,3857.0,30.0,6.0,149.0,7.0,1.0,13.0,0.0
espn-4685350,Trevor Etienne,12.8,"2023: 609yds/9td rush, 32rec/194yds/0td",0,0.0,0.0,0.0,609.0,9.0,32.0,194.0,0.0
espn-4602667,Jaylin Lane,9.6,"2024: 6yds/1td/0int pass, 116yds/2td rush, 38rec/466yds/2td",0,6.0,1.0,0.0,116.0,2.0,38.0,466.0,2.0
espn-4874509,DJ Giddens,17.6,"2024: 1343yds/7td rush, 21rec/258yds/1td",0,0,0,0,1343.0,7.0,21.0,258.0,1.0
espn-16002,Kyle Juszczyk,,,0,0.0,0.0,0.0,0.0,0.0,0.0,0.0,0.0
espn-4570037,Terrance Ferguson,9.2,2024: 43rec/591yds/3td,0,0,0,0,0,0,43.0,591.0,3.0
espn-4808839,Isaiah Bond,10.3,"2024: 98yds/1td rush, 34rec/540yds/5td",0,0,0,0,98.0,1.0,34.0,540.0,5.0
espn-4573398,Max Brosmer,15.3,2024: 2828yds/18td/6int pass,0,2828.0,18.0,6.0,-36.0,5.0,0,0,0
espn-4429435,Brady Cook,14.9,"2024: 2535yds/11td/2int pass, 223yds/5td rush",0,2535.0,11.0,2.0,223.0,5.0,0,0,0
espn-4431492,Roman Wilson,15.4,"2023: 10yds/0td rush, 48rec/789yds/12td",0,0,0,0,10.0,0.0,48.0,789.0,12.0
espn-4683423,Riley Leonard,28.9,"2024: 2861yds/21td/8int pass, 906yds/17td rush, 1rec/-8yds/0td",0,2861.0,21.0,8.0,906.0,17.0,1.0,-8.0,0.0
espn-4429299,Tahj Brooks,23.6,"2024: 1505yds/17td rush, 28rec/199yds/1td",0,0,0,0,1505.0,17.0,28.0,199.0,1.0
espn-4430656,Myles Price,8.8,"2022: 63yds/1td rush, 38rec/466yds/3td",0,0.0,0.0,0.0,63.0,1.0,38.0,466.0,3.0
espn-4432734,Jalen Milroe,26.8,"2024: 2844yds/16td/11int pass, 726yds/20td rush",0,2844.0,16.0,11.0,726.0,20.0,0,0,0
espn-4257364,Zavier Scott,11.7,"2022: 2yds/0td/0int pass, 371yds/4td rush, 42rec/434yds/1td",0,2.0,0.0,0.0,371.0,4.0,42.0,434.0,1.0
espn-4710341,Jarquez Hunter,16.0,"2024: 1201yds/8td rush, 21rec/155yds/1td",0,0.0,0.0,1.0,1201.0,8.0,21.0,155.0,1.0
espn-4911851,LeQuint Allen Jr.,26.0,"2023: 1021yds/16td rush, 64rec/521yds/4td",0,-9.0,0.0,0.0,1021.0,16.0,64.0,521.0,4.0
espn-4695193,Efton Chism III,25.4,"2024: 8yds/0td rush, 120rec/1311yds/13td",0,0.0,0.0,0.0,8.0,0.0,120.0,1311.0,13.0
espn-4690070,Mitchell Tinsley,10.7,"2020: 5yds/0td rush, 51rec/577yds/5td",0,0.0,0.0,0.0,5.0,0.0,51.0,577.0,5.0
espn-4715355,Darius Cooper,23.5,"2022: 4yds/0td rush, 76rec/1449yds/14td",0,0,0,0,4.0,0.0,76.0,1449.0,14.0
espn-5160110,Jahdae Walker,5.9,"2024: 12yds/0td rush, 29rec/345yds/2td",0,0,0,0,12.0,0.0,29.0,345.0,2.0
espn-4431487,Savion Williams,17.7,"2024: 22yds/1td/0int pass, 322yds/6td rush, 60rec/611yds/6td",0,22.0,1.0,0.0,322.0,6.0,60.0,611.0,6.0
espn-4708486,Jimmy Horn Jr.,7.1,"2023: 30yds/1td/0int pass, 3yds/0td rush, 37rec/441yds/1td",0,30.0,1.0,0.0,3.0,0.0,37.0,441.0,1.0
espn-4383396,Hunter Luepke,13.3,"2022: 619yds/9td rush, 14rec/196yds/4td",0,0,0,0,619.0,9.0,14.0,196.0,4.0
espn-5082630,Jalen Royals,13.4,"2023: 3yds/0td rush, 55rec/834yds/6td",0,0.0,0.0,0.0,3.0,0.0,55.0,834.0,6.0
espn-4431562,Phil Mafah,14.7,"2023: 1115yds/8td rush, 21rec/103yds/0td",0,0.0,0.0,0.0,1115.0,8.0,21.0,103.0,0.0
espn-3917668,Alec Ingold,5.4,"2018: 143yds/6td rush, 5rec/93yds/1td",0,0,0,0,143.0,6.0,5.0,93.0,1.0
espn-4430870,KeAndre Lambert-Smith,15.1,2023: 50rec/981yds/8td,0,0.0,0.0,0.0,0.0,0.0,50.0,981.0,8.0
espn-4429121,Kalel Mullings,13.6,"2022: 15yds/0td/0int pass, 948yds/12td rush, 6rec/35yds/0td",0,15.0,0.0,0.0,948.0,12.0,6.0,35.0,0.0
espn-4685397,Jordan James,20.3,"2024: 1267yds/15td rush, 26rec/209yds/0td",0,0,0,0,1267.0,15.0,26.0,209.0,0.0
espn-4565185,Tai Felton,20.4,"2024: 23yds/0td rush, 96rec/1124yds/9td",0,0,0,0,23.0,0.0,96.0,1124.0,9.0
espn-4573699,Jackson Hawes,2.7,2024: 16rec/195yds/0td,0,0,0,0,0,0,16.0,195.0,0.0
espn-4683243,Mitchell Evans,7.9,"2023: 2yds/0td rush, 43rec/421yds/3td",0,0,0,0,2.0,0.0,43.0,421.0,3.0
espn-4012556,C.J. Ham,,,0,0.0,0.0,0.0,0.0,0.0,0.0,0.0,0.0
espn-4431353,Xavier Restrepo,19.1,2024: 69rec/1127yds/11td,0,0.0,0.0,0.0,0,0,69.0,1127.0,11.0
espn-3914397,Scotty Miller,18.6,"2018: 24yds/0td/0int pass, 16yds/0td rush, 71rec/1148yds/9td",0,24.0,0.0,0.0,16.0,0.0,71.0,1148.0,9.0
espn-4383429,Jacob Saylors,20.3,"2022: 1314yds/15td rush, 21rec/159yds/1td",0,0,0,0,1314.0,15.0,21.0,159.0,1.0
espn-4429105,Arian Smith,12.2,"2024: 54yds/0td rush, 48rec/817yds/4td",0,0,0,0,54.0,0.0,48.0,817.0,4.0
espn-4036032,Brittain Brown,10.3,"2021: 616yds/7td rush, 18rec/129yds/0td",0,0,0,0,616.0,7.0,18.0,129.0,0.0
espn-4690143,LaJohntay Wester,17.5,2024: 74rec/931yds/10td,0,0,0,0,0.0,0.0,74.0,931.0,10.0
espn-4431466,Jordan Watkins,15.1,"2023: 15yds/0td/0int pass, 20yds/0td rush, 49rec/906yds/9td",0,15.0,0.0,0.0,20.0,0.0,49.0,906.0,9.0
espn-4431431,Corey Kiner,12.8,"2024: 1153yds/4td rush, 16rec/111yds/0td",0,0,0,0,1153.0,4.0,16.0,111.0,0.0
espn-2975417,Patrick Ricard,,,0,0.0,0.0,0.0,0.0,0.0,0.0,0.0,0.0
espn-3929914,Adam Prentice,0.3,2020: 2rec/13yds/0td,0,0,0,0,0.0,0.0,2.0,13.0,0.0
espn-4043016,Dee Eskridge,12.5,"2020: 27yds/0td rush, 34rec/784yds/8td",0,0,0,0,27.0,0.0,34.0,784.0,8.0
espn-4361088,Colson Yankoff,1.2,"2023: 83yds/1td rush, 2rec/-5yds/0td",0,0,0,0,83.0,1.0,2.0,-5.0,0.0
espn-4426535,Theo Wease Jr.,13.2,2020: 60rec/884yds/4td,0,0,0,0,-10.0,0.0,60.0,884.0,4.0
espn-4431210,Beaux Collins,8.3,2024: 41rec/490yds/3td,0,0,0,0,0,0,41.0,490.0,3.0
espn-4691688,Robbie Ouzts,2.4,2024: 8rec/108yds/2td,0,0,0,0,0,0,8.0,108.0,2.0
espn-3125107,Andrew Beck,5.2,2018: 28rec/281yds/2td,0,0,0,0,0,0,28.0,281.0,2.0
espn-4605841,Nathan Carter,9.8,"2024: 499yds/5td rush, 18rec/173yds/2td",0,0,0,0,499.0,5.0,18.0,173.0,2.0
espn-4722908,Drew Ogletree,4.3,2021: 28rec/282yds/0td,0,0,0,0,0,0,28.0,282.0,0.0
espn-4047422,Tanner Conner,11.0,"2021: 39yds/0td rush, 42rec/735yds/4td",0,0,0,0,39.0,0.0,42.0,735.0,4.0
espn-4596439,Dominic Lovett,12.0,"2022: 6yds/0td rush, 59rec/607yds/6td",0,0,0,0,6.0,0.0,59.0,607.0,6.0
espn-4877203,Gage Larvadain,3.6,"2022: 15yds/0td rush, 19rec/223yds/1td",0,0.0,0.0,1.0,15.0,0.0,19.0,223.0,1.0
espn-4372070,Ben VanSumeren,0.6,2019: 20yds/1td rush,0,0,0,0,20.0,1.0,0,0,0
espn-4570738,Ke'Shawn Williams,9.0,"2024: 27yds/0td rush, 39rec/448yds/5td",0,0,0,0,27.0,0.0,39.0,448.0,5.0
espn-4372026,Cameron Latu,7.1,2022: 30rec/377yds/4td,0,0,0,0,0,0,30.0,377.0,4.0
espn-4243176,Brady Russell,2.7,2022: 20rec/153yds/0td,0,0,0,0,0.0,0.0,20.0,153.0,0.0
espn-4431506,Ja'Corey Brooks,16.6,2024: 61rec/1013yds/9td,0,0,0,0,0,0,61.0,1013.0,9.0
espn-4567506,Tahj Washington,16.5,"2023: 10yds/0td rush, 59rec/1062yds/8td",0,0,0,0,10.0,0.0,59.0,1062.0,8.0
espn-4590292,Thomas Fidone II,5.6,2024: 36rec/373yds/0td,0,0,0,0,0,0,36.0,373.0,0.0
espn-4428512,Kedon Slovis,9.2,"2023: 1716yds/12td/6int pass, 1rec/2yds/0td",0,1716.0,12.0,6.0,-41.0,3.0,1.0,2.0,0.0
espn-4039505,Reggie Gilliam,1.6,"2017: 1yds/1td rush, 9rec/52yds/0td",0,0,0,0,1.0,1.0,9.0,52.0,0.0
espn-4568024,Josh Williams,10.9,"2024: 482yds/6td rush, 31rec/263yds/0td",0,0,0,0,482.0,6.0,31.0,263.0,0.0
espn-4361182,Adrian Martinez,15.2,"2022: 1261yds/6td/1int pass, 627yds/10td rush, 1rec/11yds/0td",0,1261.0,6.0,1.0,627.0,10.0,1.0,11.0,0.0
espn-4361100,Jack Westover,9.2,"2023: 1yds/1td rush, 46rec/433yds/4td",0,0,0,0,1.0,1.0,46.0,433.0,4.0
espn-4035693,Velus Jones Jr.,14.3,"2021: 15yds/0td rush, 62rec/807yds/7td",0,0,0,0,15.0,0.0,62.0,807.0,7.0
espn-4363551,Dylan Drummond,8.2,"2022: 23yds/0td/0int pass, 23yds/0td rush, 33rec/525yds/3td",0,23.0,0.0,0.0,23.0,0.0,33.0,525.0,3.0
espn-4259324,Travis Vokolek,4.3,2022: 20rec/240yds/2td,0,0,0,0,0,0,20.0,240.0,2.0
espn-4431479,Ricky White III,19.2,"2024: 1yds/0td rush, 79rec/1041yds/11td",0,0,0,0,1.0,0.0,79.0,1041.0,11.0
espn-4876006,Zaire Mitchell-Paden,2.3,2021: 9rec/90yds/1td,0,0,0,0,0.0,1.0,9.0,90.0,1.0
espn-3122976,Jeff Wilson Jr.,19.9,"2017: 1215yds/16td rush, 24rec/168yds/0td",0,0,0,0,1215.0,16.0,24.0,168.0,0.0
espn-4249616,Owen Wright,10.5,"2022: 297yds/16td rush, 2rec/28yds/1td",0,0,0,0,297.0,16.0,2.0,28.0,1.0
espn-4433959,Ben Yurosek,3.0,"2023: 53yds/0td rush, 15rec/185yds/0td",0,0,0,0,53.0,0.0,15.0,185.0,0.0
espn-4428119,Lew Nichols,10.2,"2021: 41yds/0td/0int pass, 616yds/6td rush, 21rec/128yds/0td",0,41.0,0.0,0.0,616.0,6.0,21.0,128.0,0.0
espn-4039034,Shane Buechele,17.5,"2020: 3095yds/23td/6int pass, 105yds/2td rush, 1rec/0yds/0td",0,3095.0,23.0,6.0,105.0,2.0,1.0,0.0,0.0
espn-3115349,Jakob Johnson,,,0,0.0,0.0,0.0,0.0,0.0,0.0,0.0,0.0
espn-4569547,Nick Kallerup,1.6,2024: 9rec/117yds/0td,0,0,0,0,0,0,9.0,117.0,0.0
espn-4878878,Amar Johnson,20.4,"2024: 1222yds/14td rush, 30rec/233yds/1td",0,0,0,0,1222.0,14.0,30.0,233.0,1.0
espn-4688552,Keleki Latu,6.4,2024: 40rec/371yds/1td,0,0,0,0,0,0,40.0,371.0,1.0
espn-4430681,Jared Wayne,14.9,2022: 60rec/1062yds/5td,0,0.0,0.0,1.0,-3.0,0.0,60.0,1062.0,5.0
espn-4432731,Moliki Matavao,8.5,"2022: 3yds/1td rush, 41rec/506yds/2td",0,0,0,0,3.0,1.0,41.0,506.0,2.0
espn-4248425,Carlos Washington Jr.,15.7,"2021: 48yds/1td/0int pass, 715yds/15td rush, 22rec/141yds/0td",0,48.0,1.0,0.0,715.0,15.0,22.0,141.0,0.0
espn-5155825,Carter Runyon,9.6,2024: 45rec/502yds/5td,0,0,0,0,0,0,45.0,502.0,5.0
espn-4242442,Princeton Fant,7.9,"2022: 66yds/1td/0int pass, 17yds/5td rush, 22rec/241yds/3td",0,66.0,1.0,0.0,17.0,5.0,22.0,241.0,3.0
espn-4602788,Jackson Meeks,17.1,2024: 78rec/1021yds/7td,0,0,0,0,0,0,78.0,1021.0,7.0
espn-4426689,Ulysses Bentley IV,7.3,"2024: 419yds/5td rush, 13rec/99yds/0td",0,0,0,0,419.0,5.0,13.0,99.0,0.0
espn-4242536,Sal Cannella,3.1,2019: 10rec/188yds/2td,0,0,0,0,0,0,10.0,188.0,2.0
espn-4361426,Justin Shorter,7.7,"2018: 9yds/0td rush, 29rec/577yds/2td",0,0,0,0,9.0,0.0,29.0,577.0,2.0
espn-4429012,Kendall Milton,13.0,"2023: 790yds/14td rush, 4rec/25yds/0td",0,0,0,0,790.0,14.0,4.0,25.0,0.0
espn-4426990,Jalen Cropper,17.8,"2021: 51yds/1td/0int pass, 19yds/0td rush, 84rec/1093yds/5td",0,51.0,1.0,0.0,19.0,0.0,84.0,1093.0,5.0
espn-4428943,Jacardia Wright,19.5,"2024: 824yds/14td rush, 35rec/403yds/2td",0,0,0,0,824.0,14.0,35.0,403.0,2.0
espn-4570296,Dalen Cambre,0.7,2020: 5rec/46yds/0td,0,0.0,0.0,0.0,0,0,5.0,46.0,0.0
espn-4431342,Brennan Presley,17.3,"2024: 16yds/1td/0int pass, 56yds/1td rush, 90rec/767yds/7td",0,16.0,1.0,0.0,56.0,1.0,90.0,767.0,7.0
espn-4877824,Zach Horton,4.9,2024: 21rec/189yds/4td,0,0,0,0,0,0,21.0,189.0,4.0
espn-5178972,Jakobie Keeney-James,13.1,2024: 50rec/839yds/6td,0,0,0,0,0,0,50.0,839.0,6.0
espn-4875912,Tejhaun Palmer,13.4,2023: 47rec/858yds/7td,0,0,0,0,0,0,47.0,858.0,7.0
espn-4429466,Drake Dabney,2.9,2023: 19rec/193yds/0td,0,0.0,0.0,0.0,0,0,19.0,193.0,0.0
espn-4569372,Dalevon Campbell,3.3,2023: 12rec/312yds/0td,0,0,0,0,-1.0,0.0,12.0,312.0,0.0
espn-4428396,Hayden Rucci,1.8,2023: 11rec/125yds/0td,0,0,0,0,0,0,11.0,125.0,0.0
espn-4430684,Treyton Welch,5.7,2023: 31rec/308yds/2td,0,0,0,0,0,0,31.0,308.0,2.0
espn-5065495,Kaden Davis,,,0,0.0,0.0,0.0,0.0,0.0,0.0,0.0,0.0
espn-4596545,CJ Dippre,3.6,2024: 21rec/256yds/0td,0,0,0,0,0,0,21.0,256.0,0.0
espn-4916349,Nikola Kalinic,,,0,0.0,0.0,0.0,0.0,0.0,0.0,0.0,0.0
espn-4578436,Coleman Owen,19.9,"2024: 26yds/1td rush, 78rec/1245yds/8td",0,0,0,0,26.0,1.0,78.0,1245.0,8.0
espn-4240577,Brandon Smith,4.5,2020: 23rec/231yds/2td,0,0,0,0,0,0,23.0,231.0,2.0
espn-4360637,Jeshaun Jones,12.3,"2023: 21yds/0td/0int pass, 56rec/790yds/4td",0,21.0,0.0,0.0,-1.0,0.0,56.0,790.0,4.0
espn-4613050,Quentin Skinner,8.2,"2024: 22yds/0td rush, 25rec/557yds/4td",0,0,0,0,22.0,0.0,25.0,557.0,4.0
espn-4431142,Jimmy Holiday,10.8,"2024: 182yds/4td rush, 39rec/476yds/2td",0,0.0,0.0,0.0,182.0,4.0,39.0,476.0,2.0
00-0023459,Aaron Rodgers,16.6,,13,2566.0,24.0,8.0,126.0,3.0,1.0,10.0,0.0
00-0023436,Alex Smith,30.4,,12,2952.0,32.0,4.0,631.0,10.0,2.0,21.0,0.0
00-0036264,Jordan Love,15.4,,13,3402.0,20.0,17.0,175.0,0.0,0.0,0.0,0.0
